teaching_hospital_name,recipient_primary_business_street_address_line1,recipient_city,recipient_state,recipient_zip_code,payment
ST ALEXIUS MEDICAL CENTER,900 EAST BROADWAY AVENUE,BISMARCK,ND,58506,74.01
KERN MEDICAL CENTER,1700 MOUNT VERNON AVENUE,BAKERSFIELD,CA,93306,40298.23
MIDTOWN MEDICAL CENTER,710 Center St,Columbus,GA,31901,13000
T.J. SAMSON COMMUNITY HOSPITAL,1301 NORTH RACE STREET,GLASGOW,KY,42141,84.08
OSU Medical Center,744 West 9th Street,Tulsa,OK,74127,165.44
THE MOUNT VERNON HOSPITAL,12 NORTH 7TH AVENUE,MOUNT VERNON,NY,10550,11.82
FAIRFIELD MEDICAL CENTER,401 N Ewing St,Lancaster,OH,43130,9463.82
CJW MEDICAL CENTER,7102 Jahnke Rd,Richmond,VA,23225,13580.39
MEDICAL CITY DALLAS HOSPITAL,7777 Forest Ln,Dallas,TX,75230,80975.77
PROVIDENCE HEALTH CENTER,6901 MEDICAL PARKWAY,WACO,TX,76712,1197.74
FLUSHING HOSPITAL MEDICAL CENTER,4500 Parsons Blvd,Flushing,NY,11355,29212.71
COVENANT MEDICAL CENTER,1447 N Harrison St,Saginaw,MI,48602,16256.86
MEDICAL CENTER OF CENTRAL GEORGIA,777 HEMLOCK STREET,MACON,GA,31201,40061.66
CHI HEALTH ST. ELIZABETH,555 S 70th St,Lincoln,NE,68510,1862.6
KECK HOSPITAL OF USC,1500 SAN PABLO STREET,LOS ANGELES,CA,90033,2594630.02
BROCKTON HOSPITAL  INC.,680 CENTRE STREET,BROCKTON,MA,2402,24446.5
BAYLOR UNIVERSITY MEDICAL CTR,3900 JUNIUS ST,DALLAS,TX,75246,312386.97
OCONNOR HOSPITAL,2105 Forest Ave,San Jose,CA,95128,472510.21
NEWYORK-PRESBYTERIAN/QUEENS,5645 Main St,Flushing,NY,11355,422446.98
RIVERSIDE REGIONAL MEDICAL CENTER,500 J Clyde Morris Blvd,NEWPORT NEWS,VA,23601,62934.87
SAINT MARYS HEALTH CARE,200 Jefferson Ave SE,Grand Rapids,MI,49503,13677.75
CHILDRENS HOSPITAL OF SAN ANTONIO,519 WEST HOUSTON STREET,SAN ANOTONIO,TX,78207,151.16
HOSPITAL OF THE UNIV OF PENNA,3400 SPRUCE STREET,PHILADELPHIA,PA,19104,25849051.71
CHRISTUS ST MICHAEL,1400 College Dr,Texarkana,TX,75503,1580.02
SUTTER DAVIS HOSPITAL,2000 SUTTER PLACE,DAVIS,CA,95617,3306.38
EDWARD W. SPARROW HOSPITAL,1215 E Michigan Ave,ORLANDO,FL,32803,100970.06
OVERLOOK MEDICAL CENTER,99 Beauvoir Ave,Summit,NJ,7901,38611.14
HOSPITAL DR. ALEJANDRO OTERO,CARRETERA ESTATAL 668,MANATI,PR,701,2000
CAROLINAS MEDICAL CENTER,501 Billingsley Rd,Charlotte,NC,28211,481292.81
YAKIMA REGIONAL MEDICAL & CARDIAC CE,110 SOUTH NINTH AVENUE,YAKIMA,WA,98902,2295.03
PENINSULA HOSPITAL CENTER,5115 BEACH CHANNEL DRIVE,FAR ROCKAWAY,NY,11691,100
FORREST GENERAL HOSPITAL,6051 U S HIGHWAY 49,HATTIESBURG,MS,39404,22574.94
NORTH MISSISSIPPI MEDICAL CENTER,830 S Gloster St,Tupelo,MS,38801,47353.13
ST. MARYS MEDICAL CENTER,3700 WASHINGTON AVE,EVANSVILLE,IN,47750,10149.88
MAGNOLIA HOSPITAL,611 Alcorn Dr,Corinth,MS,38834,11338.45
BEAUMONT HOSPITAL - DEARBORN,18101 Oakwood Blvd,Dearborn,MI,48124,31333.56
MARYLAND GENERAL HOSPITAL,827 LINDEN AVE,BALTIMORE,MD,21201,7700
ST ANTHONY HOSPITAL,11600 W. 2ND PLACE,LAKEWOOD,CO,80228,3102.07
American Oncologic Hospial,333 Cottman Ave,Philadelphia,PA,19111,381721.96
Portneuf Medical Center,651 Memorial Dirve,Pocatello,ID,83201,6037.66
ATHENS REGIONAL MEDICAL CENTER,1199 Prince Ave,Athens,GA,30606,11419.55
CHRIST HOSPITAL,176 Palisade Ave,Jersey City,NJ,7306,41893.06
COVENANT HEALTH SYSTEM,3615 19TH ST,LUBBOCK,TX,79410,29621.46
ST. FRANCIS HOSPITAL & HEALTH CENTER,1600 ALBANY STREET,BEECH GROVE,IN,46107,2875
MT. SINAI MEDICAL CENTER,4300 Alton Rd,Miami Beach,FL,33140,81122.71
MAGEE WOMENS HOSPITAL OF UPMC,300 HALKET ST,PITTSBURGH,PA,15213,18954.68
MERCY HEALTH SYSTEM CORPORATION,1000 MINERAL POINT AVE,JANESVILLE,WI,53547,35497.55
BRONX-LEBANON HOSPITAL CENTER,1650 Grand Concourse,BRONX,NY,10456,99569.16
SWEDISH ISSAQUAH,751 NE BLAKELY DRIVE,ISSAQUAH,WA,98029,13059.5
ALFRED I DUPONT HOSP FOR CHILDREN,1600 Rockland Rd,Wilmington,DE,19803,97865.84
COVENANT MEDICAL CENTER,3421 W 9th St,Waterloo,IA,50702,2127.22
MERCY GENERAL HOSPITAL,4001 J STREET,SACRAMENTO,CA,95819,110476.04
UNIVERSITY HOSPITAL AT SYRACUSE,750 E. ADAMS STREET,SYRACUSE,NY,13210,184372.85
KFH - SAN LEANDRO,2500 Merced St,San Leandro,CA,94577,26394.21
BAPTIST MEM HOSPITAL DESOTO,7601 Southcrest Pkwy,Southaven,MS,38671,750
ALTOONA REGIONAL HEALTH SYSTEM,620 Howard Ave.,ALTOONA,PA,16601,1828.39
ENGLEWOOD HOSPITAL & MED CTR,350 Engle St,Englewood,NJ,7631,282562.43
COMMUNITY FIRST MEDICAL CENTER,5645 WEST ADDISON STREET,CHICAGO,IL,60634,19491.35
SACRED HEART HOSPITAL,900 W Clairemont Ave,Eau Claire,WI,54701,504.33
ALLIANCE COMMUNITY HOSPITAL,200 EAST STATE STREET,ALLIANCE,OH,44601,170229
PROVIDENCE HOSPITAL,6801 AIRPORT BLVD,MOBILE,AL,36608,6586.12
METROHEALTH MEDICAL CENTER,2500 METROHEALTH DRIVE,CLEVELAND,OH,44109,308650.09
UNIVERSITY OF CHICAGO HOSPITALS,5841 S. MARYLAND AVE,Chicago,IL,60637,194412.72
UNIVERSITY HOSPITAL OF BROOKLYN,450 Clarkson Ave,Brooklyn,NY,11203,45806.92
CHRISTIANA CARE HEALTH SYSTEM,501 W 14TH STREET,WILMINGTON,DE,19899,227112.53
ST. ALPHONSUS REGIONAL MED CENTER,1055 N Curtis Rd,Boise,ID,83706,38226.93
ST. JOSEPH HEALTH CENTER,667 Eastland Avenue SE,Warren,OH,44484,4372.41
TULANE UNIVERSITY HOSPITAL & CLINICS,1415 Tulane Ave,New Orleans,LA,70112,32534.87
MEADOWLANDS HOSPITAL MEDICAL CENTER,55 Meadowlands Pkwy,Secaucus,NJ,7094,50025.71
THE CHILDRENS HOSPITAL OF ALABAMA,1600 7TH AVENUE SOUTH,BIRMINGHAM,AL,35233,90621.9
WHITE MEMORIAL MEDICAL CENTER,1720 E Cesar E Chavez Ave,Los Angeles,CA,90033,31740.77
THE GOOD SAMARITAN HOSPITAL,Fourth and Walnut Streets,Lebanon,PA,17042,9313.88
GREATER BALTIMORE MEDICAL CENTER,6701 N Charles St,Baltimore,MD,21204,38361.19
SWEDISH MEDICAL CENTER,501 E Hampden Ave,Englewood,CO,80113,37262.51
ST. JOSEPHS HOSPITAL HEALTH CENTER,301 PROSPECT AVENUE,SYRACUSE,NY,13203,36587.02
BLUE RIDGE HEALTHCARE HOSPITALS,2201 SOUTH STERLING STREET,MORGANTON,NC,28655,322.79
ST VINCENTS BIRMINGHAM,810 ST VINCENTS DRIVE,BIRMINGHAM,AL,35205,17208.89
HARPER- HUTZEL HOSPITAL,3990 John R St,DETROIT,MI,48201,84.38
WINCHESTER HOSPITAL,41 HIGHLAND AVENUE,WINCHESTER,MA,1890,1422.2
HACKENSACK UNIVERSITY MEDICAL CENTER,30 Prospect Ave,Hackensack,NJ,7601,136064.61
OUR LADY OF BELLEFONTE,ST CHRISTOPHER DRIVE,ASHLAND,KY,41101,6251.67
MARIAN MEDICAL CENTER,1400 E CHURCH STREET,SANTA MARIA,CA,93456,52523.67
MASS EYE & EAR INFIRMARY,243 CHARLES STREET,BOSTON,MA,2114,2325494.82
GENESIS MEDICAL CENTER - DAVENPORT,1227 EAST RUSHOLME,DAVENPORT,IA,52803,42317.69
BAPTIST MEDICAL CENTER SOUTH,2105  EAST SOUTH BOULEVARD,MONTGOMERY,AL,36116,32603.74
Ms Baptist Medical Center,1225 N State St,Jackson,MS,39202,4324.35
WESTCHESTER GENERAL HOSPITAL,2500 SW 75th Ave,Miami,FL,33155,180.19
SLIDELL MEMORIAL HOSPITAL,1001 GAUSE BLVD,SLIDELL,LA,70458,168.38
THE CHRIST HOSPITAL,2139 AUBURN AVENUE,CINCINNATI,OH,45219,702834.21
UNIVERSITY OF NEW MEXICO HOSPITAL,"2211 Lomas Blvd., N.E.",Albuquerque,NM,87106,187362.74
JOHN C LINCOLN MEDICAL CENTER,250 WEST DUNLAP AVENUE,PHOENIX,AZ,85020,42862.28
STATEN ISLAND UNIVERSITY HOSPITAL,475 SEAVIEW AVENUE,STATEN ISLAND,NY,10305,218903.54
CHI HEALTH BERGAN MERCY,415 S 25th Ave,Omaha,NE,68131,20255.66
GERALD CHAMPION REGIONAL MEDICAL CTR,2669 Scenic Dr,Alamogordo,NM,88310,9679.33
Carle Foundation Hospital,611 W Park St,Urbana,IL,61801,25512.6
SOUTH FULTON MEDICAL CENTER,1170 CLEVELAND AVE,EAST POINT,GA,30344,141.04
STRAUB CLINIC & HOSPITAL,888 S King St,Honolulu,HI,96813,12804.5
BAPTIST HEALTH LEXINGTON,1740 Nicholasville Rd,Lexington,KY,40503,157267.01
UNION HOSPITAL  INC.,1606 NORTH SEVENTH ST,TERRE HAUTE,IN,47804,17353
SUBURBAN HOSPITAL,8600 Old Georgetown Rd,Bethesda,MD,20814,5995.78
WINCHESTER MEDICAL CENTER,1840 AMHERST ST,WINCHESTER,VA,22601,3360.1
COOK CHILDRENS MEDICAL CENTER,901 SEVENTH AVENUE,FORT WORTH,TX,76104,86848.06
PROVIDENCE CENTRALIA HOSPITAL,914 S Scheuber Rd,Centralia,WA,98531,129.27
ST. PATRICK HOSPITAL,524 DR MICHAEL DEBAKEY DRIVE,LAKE CHARLES,LA,70601,3915
CHRISTIAN HOSPITAL NORTHEAST,11133 DUNN ROAD,ST. LOUIS,MO,63136,14900.45
ST. LUKES REGL MEDICAL CENTER,2720 Stone Park Blvd,Sioux City,IA,51104,4050
CHINO VALLEY MEDICAL CENTER,5451 Walnut Ave,Chino,CA,91710,1014.81
HOLZER,100 Jackson Pike,Gallipolis,OH,45631,750
RAPID CITY REGIONAL HOSPITAL,353 FAIRMONTH STREET,RAPID CITY,SD,57701,17914.21
EAST LIVERPOOL CITY HOSPITAL,425 WEST FIFTH STREET,EAST LIVERPOOL,OH,43920,2552.04
UPMC - PRESBYTERIAN SHADYSIDE,200 LOTHROP STREET,PITTSBURGH,PA,15213,1390065.83
TRINITY REGIONAL MEDICAL CENTER,802 South Kenyon Road,Fort Dodge,IA,50501,8427.97
SJMHS - LIVINGSTON,620 Byron Rd,Howell,MI,48843,5110.23
LANCASTER GENERAL HOSPITAL,555 N Duke St,Lancaster,PA,17602,174016.7
NORTH CAROLINA BAPTIST HOSPITAL,Medical Center Blvd,Winston Salem,NC,27157,142787.02
COMMUNITY MEDICAL CENTER,475 Morgan Hwy,Scranton,PA,18508,29492.96
OSCEOLA REGIONAL MEDICAL CENTER,700 W Oak St,Kissimmee,FL,34741,5810.3
MISSION HOSPITAL  INC,509 Biltmore Ave,Asheville,NC,28801,23647.77
DOCTORS HOSPITAL AT RENAISSANCE,5501 SOUTH MCCOLL,EDINBURG,TX,78539,46573.28
OBLENESS MEMORIAL HOSPITAL,55 HOSPITAL DRIVE,ATHENS,OH,45701,366.55
ST. LUKES HOSPITAL,801 OSTRUM STREET,BETHLEHEM,PA,18015,119845.05
TRUMAN MED CTR HOSPITAL HILL,2301 Holmes St,Kansas City,MO,64108,142446.06
MEDSTAR FRANKLIN SQUARE MEDICAL CTR,9100 FRANKLIN SQUARE DR,BALTIMORE,MD,21237,10053.56
BARNES-JEWISH HOSPITAL,1 Barnes-Jewish Hospital Plz,Saint Louis,MO,63110,197569.58
EPISCOPAL HEALTH SERVICES,327 Beach 19th St,Far Rockaway,NY,11691,17683.68
COMMUNITY HEALTH CENTER BRANCH CTY,274 EAST CHICAGO STREET,COLDWATER,MI,49036,390.97
UH REGIONAL HOSPITALS,27100 CHARDON ROAD,RICHMOND HEIGHTS,OH,44143,10000
UF HEALTH SHANDS,1600 SW Archer Rd,Gainesville,FL,32610,78579.9
Hahnemann University Hospital,BROAD & VINE,Philadelphia,PA,19102,4195.13
MIDWEST ORTHOPEDIC SPECIALTY HOSP,10101 S 27th St,Franklin,WI,53132,28186.98
MERCY HOSPITAL & MEDICAL CENTER,2525 S Michigan Ave,Chicago,IL,60616,29391.23
NORWEGIAN AMERICAN HOSPITAL,1044 North Francisco,Chicago,IL,60622,7335
ST ELIZABETH HEALTHCARE,1 MEDICAL VILLAGE DRIVE,EDGEWOOD,KY,41017,19997.19
LITTLE COMPANY OF MARY,2800 W 95th St,Evergreen Park,IL,60805,812.76
WELLINGTON REGL MEDICAL CENTER,10101 FOREST HILL BOULEVARD,WEST PALM BEACH,FL,33414,295.45
KFH - SAN DIEGO,4647 ZION AVENUE,SAN DIEGO,CA,92120,30386.66
REGIONAL HOSPITAL OF SCRANTON,746 Jefferson Ave,Scranton,PA,18501,64768.47
JOHN T MATHER MEMORIAL HOSPITAL,75 N Country Rd,Port Jefferson,NY,11777,19547.3
HUTCHINGS P.C.,620 MADISON ST.,SYRACUSE,NY,13210,790
MILTON S. HERSHEY MEDICAL CENTER,500 University Dr,Hershey,PA,17033,384273.94
BAPTIST MEM HOSPITAL MEMPHIS,6019 Walnut Grove Rd,Memphis,TN,38120,35537.83
MOBILE INFIRMARY MEDICAL CENTER,3 Mobile Infirmary Cir,MOBILE,AL,36652,17124.91
JAMES LAWRENCE KERNAN HOSPITAL,2200 KERNAN DRIVE,BALTIMORE,MD,21207,1064.1
PLAINVIEW HOSPITAL,888 OLD COUNTRY ROAD,PLAINVIEW,NY,11803,13885.36
SANTA MONICA UCLA MEDICAL CENTER,1250 16th St,Santa Monica,CA,90404,135156.97
MANATEE MEMORIAL HOSPITAL,206 2nd St E,Bradenton,FL,34208,6220.71
MCALESTER REGIONAL HEALTH CENTER,1 E Clark Bass Blvd,McAlester,OK,74501,6558.9
NORTHSIDE MEDICAL CENTER,500 GYPSY LANE,YOUNGSTOWN,OH,44501,7361.79
SCOTTSDALE OSBORN MEDICAL CENTER,7400 E Osborn Rd,Scottsdale,AZ,85251,112227.21
MOUNT NITTANY MEDICAL CENTER,1800 EAST PARK AVENUE,STATE COLLEGE,PA,16803,2600
ST. MARY MERCY HOSPITAL - LIVONIA,36475 5 Mile Rd,Livonia,MI,48154,6355.07
UNIVERSITY HEALTH CONWAY,4864 JACKSON STREET,MONROE,LA,71210,11595.52
INDIAN PATH MEDICAL CENTER,2000 Brookside Dr,Kingsport,TN,37660,20.52
REGIONAL ONE HEALTH,877 JEFFERSON AVENUE,MEMPHIS,TN,38002,60277.35
SENTARA NORFOLK GENERAL HOSPITAL,600 GRESHAM ROAD,NORFOLK,VA,23507,73956.18
FORBES REGIONAL HOSPITAL,2570 HAYMAKER ROAD,MONROEVILLE,PA,15146,48253.43
SPAULDING REHABILITATION HOSPITAL,300 FIRST AVENUE,CHARLESTOWN,MA,2129,21017.5
WEST PALM HOSPITAL,2201 45th St,West Palm Beach,FL,33407,74.06
ANNE BATES LEACH EYE HOSPITAL,900 NW 17TH STREET,MIAMI,FL,33136,356349.19
VIRGINIA MASON MEDICAL CENTER,925 Seneca St,SEATTLE,WA,98101-2756,116257.96
FLOWER HOSPITAL,5200 HARROUN RD,SYLVANIA,OH,43560,3176.89
MERCY MEDICAL CENTER,301 ST. PAUL PLACE,BALTIMORE,MD,21202,423761.1
BAYSTATE MEDICAL CENTER,759 Chestnut St,Springfield,MA,1199,113250.69
PROVIDENT HOSPITAL,500 EAST 51st STREET,CHICAGO,IL,60615,313.85
St. Lukes Hospital,5901 Monclova Road,Maumee,OH,43537,239.96
HURON HOSPITAL,13951 Terrace Rd,Cleveland,OH,44112,3982.46
PARK NICOLLET METHODIST HOSPITAL,15800 95th Ave N,Maple Grove,MN,55369,25271.13
LONE PEAK HOSPITAL,11925 S State St,Draper,UT,84020,1250
CHILDRENS HOSPITAL OF MICHIGAN,3901 BEAUBIEN,DETROIT,MI,48201,1060.6
UNIVERSITY OF VIRGINIA MEDICAL CENTE,855 WEST MAIN STREET,CHARLOTTESVILLE,VA,22908,775802.21
HOSPITAL OF SAINT RAPHAEL,1450 Chapel St,New Haven,CT,6511,10325.64
KALISPELL REGIONAL MEDICAL CENTER,350 Heritage Way,Kalispell,MT,59901,50058.42
SKY RIDGE MEDICAL CENTER,10101 Ridgegate Pkwy,Lone Tree,CO,80124,52587.99
RHODE ISLAND HOSPITAL,11 Friendship St,Newport,RI,2901,115910.45
HOLY REDEEMER HEALTH SYSTEM,1648 HUNTINGTON PIKE,MEADOWBROOK,PA,19046,13517.73
AIKEN REGIONAL MEDICAL CENTER,302 University Parkway,Aiken,SC,29801,159.95
SHANDS JACKSONVILLE MEDICAL CENTER,655 WEST 8TH STREET,JACKSONVILLE,FL,32209,19227.65
CHILDRENS MERCY HOSPITAL,2401 GILLHAM ROAD,KANSAS CITY,MO,64108,143713.19
BRYN MAWR REHABILITATION HOSPITAL,414 Paoli Pike,Malvern,PA,19355,5000
GOOD SAMARITAN HOSPITAL,5601 LOCH RAVEN BLVD,BALTIMORE,MD,21239,32004.26
GARDEN CITY HOSPITAL OSTEOPATHIC,6245 INKSTER ROAD,GARDEN CITY,MI,48135,8724.02
SEATTLE CHILDRENS HOSPITAL,1101 Madison St,Seattle,WA,98104,245563.99
WEST ANAHEIM MEDICAL CENTER,3033 W Orange Ave,Anaheim,CA,92804,1141.58
ST. RITAS MEDICAL CENTER LLC,730 W Market St,Lima,OH,45801,21107.39
LAFAYETTE GENERAL MEDICAL CENTER,1214 COOLIDGE AVENUE,LAFAYETTE,LA,70570,32485.83
NEWTON WELLESLEY HOSPITAL,2014 Washington St,Newton,MA,2467,70124.67
BEAUMONT HOSPITAL - TAYLOR,10000 Telegraph Rd,Taylor,MI,48180,839.9
INOVA LOUDOUN HOSPITAL CENTER,44045 Riverside Pkwy,Leesburg,VA,20176,46817.57
BAY AREA HOSPITAL,1775 Thompson Rd,Coos Bay,OR,97420,1100
Brigham And Womens Hospital,75 Francis Street,Boston,MA,2115,16829846.24
WILLIAM BEAUMONT HOSPITAL - ROYAL OA,3601 WEST 13 MILE ROAD,ROYAL OAK,MI,48073,655023.17
KAPIOLANI MED CTR FOR WOMEN & CHILDR,1319 PUNAHOU STREET,HONOLULU,HI,96826,126.21
OAK HILL HOSPITAL,11375 CORTEZ BLVD,SPRING HILL,FL,34613,183.23
TCHD D/B/A JPS HEALTH NETWORK,1500 SOUTH MAIN STREET,FORT WORTH,TX,76104,2017.15
UH CLEVELAND MEDICAL CENTER,11100 EUCLID AVE,CLEVELAND,OH,44106,1213726.84
KESSLER INSTITUTE FOR REHABILIATATIO,1199 Pleasant Valley Way,West Orange,NJ,7052,10361.16
JOHNSTON MEMORIAL HOSPITAL,16000 JOHNSTON MEMORIAL DRIVE,ABINGDON,VA,24211,13261.82
ST. VINCENTS EAST,50 Medical Park Dr E,Birmingham,AL,35235,12310.65
SANFORD HEALTH BISMARCK,300 N 7th St,Bismarck,ND,58501,13397.17
MCLAREN OAKLAND,50 N. PERRY STREET,PONTIAC,MI,48342,17281.17
FRANCISCAN HEALTH HAMMOND,5454 HOHMAN AVE,HAMMOND,IN,46320,75
Holston Valley Hosp & Med Ctr,130 W Ravine Rd,Kingsport,TN,37660,798.16
VALLEY HOSPITAL & MEDICAL CENTER,12606 E Mission Ave,Spokane Valley,WA,99216,1230.82
GEORGETOWN UNIVERSITY HOSPITAL,3800 RESERVOIR ROAD  NW,WASHINGTON,DC,20007,418611.27
UNIVERSITY HOSPITAL,800 ROSE STREET,LEXINGTON,KY,40536,1171614.57
COLLEGE STATION MEDICAL CENTER,1604 ROCK PRAIRIE ROAD,COLLEGE STATION,TX,77840,58624.23
PRESBYTERIAN HOSPITAL,1100 Central SE,Albuquerque,NM,87106,64690.81
RAPIDES REGIONAL MEDICAL CENTER,211 FOURTH STREET,ALEXANDRIA,LA,71301,15272.95
MOUNT AUBURN HOSPITAL,330 MOUNT AUBURN STREET,CAMBRIDGE,MA,2238,28884.31
ADVOCATE NORTHSIDE HEALTH SYSTEM,836 WELLINGTON,CHICAGO,IL,60640,42792.8
WHEATON FRANCISCAN INC.,5000 W Chambers St,Milwaukee,WI,53210,1630.1
NORTHWEST MEDICAL CENTER,2801 N State Road 7,Margate,FL,33063,7962.76
DAYTON CHILDRENS HOSPITAL,ONE CHILDRENS PLAZA,DAYTON,OH,45404,13438.48
MERCY MEDICAL CENTER MERCED,333 MERCY AVENUE,MERCED,CA,95340,94.51
ROSWELL PARK CANCER INSTITUTE,Elm and Carlton St,Buffalo,NY,14263,31606.44
PECONIC BAY MEDICAL CENTER,1300 Roanoke Ave,RIVERHEAD,NY,11901,9466.67
HERITAGE VALLEY BEAVER,1000 Dutch Ridge Rd,Beaver,PA,15009,6475.5
Hunt Regional Medical Center,4215 Joe Ramsey Blvd,GREENVILLE,TX,75401,30833.68
JANE PHILLIPS MEDICAL CENTER,3500 SE FRANK PHILLIPS BLVD,BARTLESVILLE,OK,74006,39715.89
RIVERSIDE MEDICAL CENTER,350 N Wall St,Kankakee,IL,60901,71775.15
INTEGRIS SOUTHWEST MEDICAL CENTER,4100 S Douglas Ave,Oklahoma City,OK,73109,12105.23
NORTHWESTERN LAKE FOREST HOSPITAL,660 WESTMORELAND ROAD,LAKE FOREST,IL,60045,2257.9
LARKIN COMMUNITY HOSPITAL PALM SPRIN,1475 W 49th Pl,Hialeah,FL,33012,782.15
LONG ISLAND JEWISH MEDICAL CENTER,275-05 76TH STREET,NEW HYDE PARK,NY,11040,147839.93
COMMUNITY HOSPITAL SOUTH,1402 EAST COUNTY LINE ROAD SOUTH,INDIANAPOLIS,IN,46227,4257.47
MEADVILLE MEDICAL CENTER,1034 GROVE STREET,MEADVILLE,PA,16335,263
CAPITAL HEALTH MED CENTER - HOPEWELL,ONE CAPITAL WAY,HOPEWELL,NJ,8534,13109.98
MAINE MEDICAL CENTER,335 Brighton Ave,Portland,ME,4102,38295.81
WASHINGTON HOSPITAL CENTER,110 IRVING STREET NW,WASHINGTON,DC,20010,3781004.46
JACKSON MEMORIAL,1611 NW 12th Ave,Miami,FL,33136,613177.3
REGIONS HOSPITAL,640 N JACKSON STREET,ST PAUL,MN,55101,8855.77
LAKE CUMBERLAND REGIONAL HOSP,305 Langdon Street,Somerset,KY,42502,4749.24
SOUTHAMPTON HOSPITAL,240 MEETING HOUSE LANE,SOUTHAMPTON,NY,11968,7333.97
KFH - ROSEVILLE,1600 EUREKA ROAD,ROSEVILLE,CA,95661,14613.54
ST MARYS HOSPITAL,1800 E Lake Shore Dr,Decatur,IL,62521,18691.89
ST. MARY MEDICAL CENTER,1050 LINDEN AVENUE,LONG BEACH,CA,90813,153070.07
LOUIS A. WEISS MEMORIAL HOSPITAL,4646 N Marine Dr,Chicago,IL,60640,3847.5
SUMMA BARBERTON HOSPITAL,155 FIFTH STREET NE,BARBERTON,OH,44203,70
NATIVIDAD MEDICAL CENTER,1441 Constitution Blvd,Salinas,CA,93906,10055.06
ST. JOSEPH MERCY HOSPITAL - OAKLAND,44405 Woodward Ave,Pontiac,MI,48341,51149.7
MAYAGUEZ MEDICAL CENTER,410 HOSTOS AVENUE,MAYAGUEZ,PR,681,2500
GOOD SAMARITAN MEDICAL CENTER,235 N Pearl St,Brockton,MA,2301,40903.06
UNIV OF MISSOURI HEALTH CARE,One Hospital Drive,Columbia,MO,65212,1299622.29
ST CHARLES MEDICAL CENTER,2500 NE Neff Rd,Bend,OR,97701,66981.21
WEST ALLIS MEMORIAL HOSPITAL,8901 W Lincoln Ave,West Allis,WI,53227,673.14
TEXOMA MEDICAL CENTER,5016 S US Highway 75,Denison,TX,75020,78.66
ST. LUKES METHODIST HOSPITAL,1026 A AVENUE N.E.,Cedar Rapids,IA,52406-3026,30257.93
HIGHLAND HOSPITAL,1000 South Ave,Rochester,NY,14620,45302.98
FIRELANDS REGIONAL MEDICAL CENTER,76 Ashwood Dr,Tiffin,OH,44883,26854.18
SURGICAL HOSPITAL OF OKLAHOMA,100 SE 59TH STREET,OKLAHOMA CITY,OK,73129,1272.4
ST. MARYS HOSPITAL,5801 BREMO ROAD,RICHMOND,VA,23226,29942.91
BRONSON METHODIST HOSPITAL,601 John St,Kalamazoo,MI,49007,83383.14
SANTA CLARA VALLEY MEDICAL CENTER,751 SOUTH BASCOM AVE,SAN JOSE,CA,95128,30173.71
FRANCISCAN ST. JAMES HEALTH,20201 SOUTH CRAWFORD AVE,Olympia Field,IL,60461,3867.87
LDS HOSPITAL,8 Th Avenue and C St,Salt Lake City,UT,84143,17312.25
HILLCREST HOSPITAL,6780 Mayfield Rd,Mayfield Hts,OH,44124,30516.51
MIAMI VALLEY HOSPITAL,1 Wyoming St,Dayton,OH,45409,30441.44
JOHNSON CITY MEDICAL CENTER,403 N State Of Franklin Rd,Johnson City,TN,37604,33512.21
METRO NASHVILLE GENERAL HOSPITAL,1818 ALBION STREET,NASHVILLE,TN,37208,2121.08
THE KINGSTON HOSPITAL,396 BROADWAY,KINGSTON,NY,12401,4500
ADVOCATE CHRIST HOSPITAL,4440 W 95th St,Oak Lawn,IL,60453,114063.59
NEW ENGLAND BAPTIST HOSPITAL,125 Parker Hill Ave,Roxbury Crossing,MA,2120,59402.81
DENVER HEALTH MEDICAL CENTER,777 BANNOCK STREET,DENVER,CO,80204,5971398.21
BLESSING HOSPITAL,1005 BROADWAY,QUINCY,IL,62301,21056.32
VANDERBILT UNIVERSITY MEDICAL CENTER,1211 MEDICAL CENTER DRIVE,NASHVILLE,TN,37232,945215.76
CARILION NEW RIVER VALLEY MED CENTER,2900 LAMB CIRCLE,CHRISTIANSBURG,VA,24073,11010.81
MERCY REGIONAL MEDICAL CENTER,3700 Kolbe Rd,Lorain,OH,44053,13000
UCSF MEDICAL CENTER,505 PARNASSUS AVE,SAN FRANCISCO,CA,94143,1132449.31
ST. ELIZABETH HOSPITAL,211 S 3RD STREET,BELLEVILLE,IL,62220,328.53
CLARION HOSPITAL,1 Hospital Dr,Clarion,PA,16214,495
COLUMBIA ST MARYS HOSPITAL MILWAUKEE,2323 NORTH LAKE DRIVE,MILWAUKEE,WI,53211,7391.76
ST ANTHONY HOSPITAL,1000 NORTH LEE,OKLAHOMA CITY,OK,73101,17367.33
ST. MARYS MEDICAL CENTER,407 E 3rd St,Duluth,MN,55805,13.75
North Shore University Hospital,300 Community Drive,Manhasset,NY,10030,159674.21
ST. LUKES HOSPITAL OF KANSAS CITY,4401 WORNALL ROAD,KANSAS CITY,MO,64111,286631.64
PRINCETON BAPTIST MEDICAL CENTER,701 PRINCETON AVE SW,BIRMINGHAM,AL,35211,10138.75
ST. JOSEPHS HOSPITAL & MEDICAL CTR,703 Main St,Paterson,NJ,7503,328385.17
JACOBI MEDICAL CENTER,1400 PELHAM PKWY S,BRONX,NY,10461,17723.38
MEMORIAL HERMANN HOSPITAL SYS,1635 NORTH LOOP WEST,HOUSTON,TX,77008,105217.82
OHIO STATE UNIVERSITY JAMES CANCER H,300 W 10th Ave,Columbus,OH,43210,1594.04
THE REHAB. INSTITUTE OF CHICAGO,345 E Superior St,Chicago,IL,60611,32095
CAPE COD HOSPITAL,27 Park St,Hyannis,MA,2601,21775.42
CRITTENDEN REGIONAL HOSPITAL,200 Tyler Street,West Memphis,AR,72303,311.54
FLORIDA HOSPITAL,601 E Rollins St,ORLANDO,FL,32803,2800470.04
ST MARY CORWIN MEDICAL CENTER,1008 MINNEQUA AVENUE,PUEBLO,CO,81004,1329.6
Rady Childrens Hospital- San Diego,3020 Childrens Way,San Diego,CA,92123,275037.09
MERCY CATHOLIC MEDICAL CENTER,1500 Lansdowne Ave,Darby,PA,19023,23987.03
HALIFAX MEDICAL CENTER,303 N Clyde Morris Blvd,Daytona Beach,FL,32114,31132.68
HOLY CROSS HOSPITAL,1500 Forest Glen Road,Silver Spring,MD,20904,57338.62
WYCKOFF HEIGHTS MEDICAL CENTER,374 Stockholm Street,Brooklyn,NY,11237,109828.99
SINAI-GRACE HOSPITAL,6071 W Outer Dr,Detroit,MI,48235,52001.4
ST. LUKES HOSPITAL,232 S WOODS MILL RD,CHESTERFIELD,MO,63017,40284.88
DETROIT RECEIVING HOSPITAL,4201 Saint Antoine St,Detroit,MI,48201,12904.69
SUMMA HEALTH SYSTEM,3730 Whipple Ave NW,Canton,OH,44718,8906.37
GEORGE WASHINGTON UNIV HOSPITAL,900 23RD STREET,WASHINGTON,DC,20037,108057.58
JFK MEDICAL CENTER,65 James St,Edison,NJ,8820,78328.5
The Miriam Hospital,164 Summit Ave,Providence,RI,2906,13278.96
KFH - OC-ANAHEIM,3440 E. La Palma Ave,Anaheim,CA,92806,42928
MOUNTAIN VIEW HOSPITAL,3100 N Tenaya Way,Las Vegas,NV,89128,2383.29
HAZARD ARH,100 MEDICAL CENTER DR,HAZARD,KY,41701,806023.26
ARIA HEALTH,10800 Knights Rd,Philadelphia,PA,19114,8155.52
IOWA METHODIST MEDICAL CENTER,1200 Pleasant St,Des Moines,IA,50309,74246.02
SACRED HEART HOSPITAL,421 CHEW STREET,ALLENTOWN,PA,18102,128109.69
PONTIAC GENERAL HOSPITAL,461 West Huron Street,Pontiac,MI,48341,876.74
DECATUR MEMORIAL HOSPITAL,2300 N. EDWARD ST.,DECATUR,IL,62526,6396.17
ST ANTHONY NORTH HEALTH CAMPUS,2551 W 84TH AVE,WESTMINSTER,CO,80031,500
FAXTON-ST. LUKES HEALTHCARE,1656 Champlin Ave,Utica,NY,13502,40937.97
CHILDRENS HOSPITAL OF ORANGE COUNT,1201 W. LA VETA AVENUE,ORANGE,CA,92868,294852.83
SAINT FRANCIS MEMORIAL HOSPITAL,900 Hyde St,San Francisco,CA,94109,11970.13
UNIVERSITY HEALTH SERVICES  INC.,1350 Walton Way,Augusta,GA,30901,76654.25
United Hospital Center,327 Medical Park Drive,Bridgeport,WV,26330,18159.39
HUNTINGTON HOSPITAL,270 Park Ave,Huntington,NY,11743,19574.19
COMMUNITY HOSPITAL OF INDIANA INC.,1500 NORTH RITTER AVENUE,INDIANAPOLIS,IN,46219,24359.99
STEWARD ST. ANNES HOSPITAL,795 Middle St,Fall River,MA,2721,1045.31
CARILION MEDICAL CENTER,2001 Crystal Spring Ave SW Ste 202,Roanoke,VA,24014,352878.36
SAINT THOMAS MIDTOWN HOSPITAL,2000 Church St,Nashville,TN,37236,139604.73
BAYLOR INSTITUTE FOR REHABILITATION,909 N Washington Ave,Dallas,TX,76132,2883.95
RENOWN REGIONAL MEDICAL CENTER,1155 Mill Street,Reno,NV,89502,6935.22
ABBOTT NORTHWESTERN HOSPITAL,"2800 10TH AVE S, SUITE 1000",Minneapolis,MN,55407,94072.13
Presence Saint Francis Hospital,355 Ridge Ave,Evanston,IL,60202,1173.35
BALL MEMORIAL HOSPITAL,2401 UNIVERSITY AVENUE,MUNCIE,IN,47303,7707.24
HOUSTON NORTHWEST MEDICAL CENTER,710 Cypress Creek Pkwy,HOUSTON,TX,77090,19216.37
ST BERNARDS MEDICAL CENTER,225 E Jackson Ave,Jonesboro,AR,72401,15536.82
MERCY MEDICAL CENTER-DES MOINES,1111 6th Ave,DES MOINES,IA,50314,32912.85
NORTHWEST TEXAS HOSPITAL,1501 S COULTER AVENUE,AMARILLO,TX,79106,3163.71
UNIVERSITY OF WASHINGTON MED CTR,1959 NE PACIFIC ST,SEATTLE,WA,98195,4422594.86
DES PERES MEDICAL CENTER,2345 Dougherty Ferry Rd,Saint Louis,MO,63122,20820.58
LUTHERAN HOSPITAL,1730 W 25TH STREET,CLEVELAND,OH,44113,56692.06
SSM SAINT LOUIS UNIVERSITY HOSPITAL,3635 Vista Ave,Saint Louis,MO,63110,50287.28
UNM SANDOVAL REGIONAL MEDICAL CENTER,3001 BROADMOOR BLVD NE,RIO RANCHO,NM,87144,1358.26
ROBERT WOOD JOHNSON UNIV HOSPITAL,1 Robert Wood Johnson Pl,New Brunswick,NJ,8901,128748.8
SCRIPPS MERCY HOSPITAL,4077 FIFTH AVENUE,SAN DIEGO,CA,92103,1061991.82
WASHINGTON REGIONAL MEDICAL CENTER,3215 N NORTH HILLS BLVD,FAYETTEVILLE,AR,72703,159446.26
CENTRAL MAINE MEDICAL CENTER,300 MAIN STREET,LEWISTON,ME,4240,28978.63
ARROWHEAD REGIONAL MEDICAL CENTER,400 N Pepper Ave,Colton,CA,92324,21571.35
ST. FRANCIS HOSPITAL,3237 SOUTH 16TH STREET,MILWAUKEE,WI,53215,1168.72
KAWEAH DELTA MEDICAL CENTER,400 W. MINERAL KING AVE.,VISALIA,CA,93291,18287
MORTON PLANT HOSPITAL,300 Pinellas St,Clearwater,FL,33756,9928.76
HOSPITAL FOR SPECIAL SURGERY,140 East Ridgewood Avenue,NEW YORK,NY,10021,3417427.66
MARICOPA MEDICAL CENTER,2601 EAST ROOSEVELT STREET,PHOENIX,AZ,85010,402415.03
ST. LUCIE MEDICAL CENTER,1800 SE Tiffany Ave,Port St Lucie,FL,34952,141
UNITED MEMORIAL MEDICAL CENTER,127 NORTH STREET,BATAVIA,NY,14020,837.4
PROVIDENCE HOSPITAL,1150 VARNUM STREET NE,WASHINGTON,DC,20017,3245.97
LAC+USC MEDICAL CENTER,1200 N. STATE STREET,LOS ANGELES,CA,90033,61411.22
UNIVERSITY OF MIAMI HOSPITAL,1400 NW 12th Ave,Miami,FL,33136,539798.2
BANNER UNIVERSITY MEDICAL CENTER PHX,1111 E McDowell Rd,Phoenix,AZ,85006,338555.81
UNIVERSITY HOSPITAL & CLINICS,2390 W Congress St,Lafayette,LA,70506,4985.15
KFH - SANTA ROSA,401 Bicentennial Way,Santa Rosa,CA,95403,92
CHILDRENS HOSPITAL LOS ANGELES,4650 W Sunset Blvd,Los Angeles,CA,90027,272511.64
AURORA HEALTH CARE METRO  INC.,5900 S Lake Drive,Cudahy,WI,53110,294447.86
PINNACLE HEALTH HOSPITALS,409 S. SECOND ST SUITE 4E,HARRISBURG,PA,17101,31997.93
SISTERS OF CHARITY HOSPITAL,2605 Harlem Rd,Cheektowaga,NY,14225,20353.86
BETH ISRAEL DEACONESS HOSPITAL-NEEDH,148 CHESTNUT STREET,NEEDHAM,MA,2492,5700
WESTERN PENNSYLVANIA HOSPITAL,4800 Friendship Avenue,Pittsburgh,PA,15224,94629.14
UNIVERSITY OF IOWA HOSP & CLINICS,200 Hawkins Dr,Iowa City,IA,52242,1708367.84
MEDSTAR UNION MEMORIAL HOSPITAL,201 E University Pkwy,Baltimore,MD,21218,267766.16
CAPE FEAR VALLEY MEDICAL CENTER,1638 Owen Dr,Fayetteville,NC,28304,876.97
ASPIRUS WAUSAU HOSPITAL,333 PINE RIDGE BOULEVARD,WAUSAU,WI,54401,43671.33
WESTCHESTER MEDICAL CENTER,WESTCHESTER MEDICAL CENTER,VALHALLA,NY,10595,68843.33
THE CHAMBERSBURG HOSPITAL,112 NORTH 7TH ST.,Chambersburg,PA,17201,10693.75
BILLINGS CLINIC,2800 TENTH AVE NORTH,BILLINGS,MT,59101,44464.58
MERCY MEDICAL CENTER,701 10th St SE,Cedar Rapids,IA,52403,48472.8
POUDRE VALLEY HOSPITAL,4601 Corbett Dr,Fort Collins,CO,80528,40068.39
MASSACHUSETTS GENERAL HOSPITAL,55 Fruit St,Boston,MA,2114,39645008.06
CHILDRENS HOSPITAL MEDICAL CENTER,1 Perkins Sq,Akron,OH,44308,103715.02
RAINBOW BABIES & CHILDRENS HOSPITAL,11100 EUCLID AVENUE,CLEVELAND,OH,44106,249484.09
KENT COUNTY MEMORIAL HOSPITAL,455 Toll Gate Rd,Warwick,RI,2886,3998.14
PRESBYTERIAN INTERCOMMUNITY HOSPITAL,12401 Washington Blvd,Whittier,CA,90602,44132.2
UNIVERSITY OF VERMONT MEDICAL CENTER,111 COLCHESTER AVENUE,BURLINGTON,VT,5401,159158.96
LEHIGH VALLEY,2100 MACK BLVD.  4TH FLOOR  FINANCE,ALLENTOWN,PA,18105,419104.98
SENTARA OBICI HOSPITAL,2800 GODWIN BOULEVARD,SUFFOLK,VA,23434,1626.14
NYC HEALTH + HOSPITALS/ KINGS COUNTY,451 CLARKSON AVENUE,BROOKLYN,NY,11203,15220
CLARK MEMORIAL HOSPITAL,1220 Missouri Ave,Jeffersonville,IN,47130,14940.72
JACK HUGHSTON MEMORIAL HOSPITAL,4401 RIVER CHASE DRIVE,PHENIX CITY,AL,36867,1767.45
RESEARCH MEDICAL CENTER,2316 E MEYER BLVD,KANSAS CITY,MO,64132,11947.8
WEST JERSEY HEALTH SYSTEM,100 BOWMAN DRIVE,VOORHEES,NJ,8043,296.17
SIBLEY MEMORIAL HOSPITAL,5255 Loughboro Rd NW,Washington,DC,20016,56137.83
SINAI HOSPITAL OF BALTIMORE  INC.,2401 W. BELEVDERE AVENUE,BALTIMORE,MD,21215,322091.09
SAMARITAN MEDICAL CENTER,SAMARITAN MEDICAL CENTER,WATERTOWN,NY,13601,11747.52
SCOTT AND WHITE MEMORIAL HOSPITAL,2401 S 31st St,TEMPLE,TX,76508,76928.14
Memorial Regional Hospital,3501 Johnson St,Hollywood,FL,33021,177148.07
PRINCETON HEALTHCARE SYSTEM,ONE PLAINSBORO ROAD,PLAINSBORO,NJ,8536,8717.42
COXHEALTH,1423 N JEFFERSON,SPRINGFIELD,MO,65802,60451.2
NORTHSIDE HOSPITAL,6000 49th St N,St Petersburg,FL,33709,25544.81
LEGACY EMANUEL HOSPITAL & HEALTH CTR,2801 N. GANTBEIN,PORTLAND,OR,97227,350294.78
CHILDRENS HOSPITAL COLORADO,13123 EAST 16TH AVENUE,AURORA,CO,80045,215167.24
BAYLOR HEART AND VASCULAR,621 N Hall St,DALLAS,TX,75246,2905.94
LAHEY CLINIC HOSPITAL INC.,41 MALL ROAD,BURLINGTON,MA,1805,384552.71
Lankenau Medical Center,100 E Lancaster Ave.,Wynnewood,PA,19096,82662.9
OCALA REGIONAL MEDICAL CENTER,1431 SW 1st Ave,Ocala,FL,34471,13012.09
ST. JOSEPH HOSPITAL,4295 Hempstead Tpke,Bethpage,NY,11714,1517.66
HARBOR-UCLA MEDICAL CENTER,1000 W Carson St,Torrance,CA,90502,105045.89
GOTTLIEB MEMORIAL HOSPITAL,701 W North Ave,Melrose Park,IL,60160,1360.43
HOLY FAMILY MEDICAL CENTER,100 N River Rd,Des Plaines,IL,60016,33.84
SAN JOAQUIN GENERAL HOSPITAL,500 W. Hospital Rd.,French Camp,CA,95231,17078.09
SCRIPPS GREEN HOSPITAL,10666 N TORREY PINES RD,LA JOLLA,CA,92037,615944.4
EINSTEIN MEDICAL CENTER MONTGOMERY,559 W Germantown Pike,East Norriton,PA,19403,9172.34
NORTH COLORADO MEDICAL CENTER,2000 70th Ave,Greeley,CO,80634,41636.34
UT SOUTHWESTERN UNIVERSITY HOSP,5323 HARRY HINES BLVD,DALLAS,TX,75390,188948.4
DANVILLE REGIONAL MEDICAL CENTER,142 SOUTH MAIN,DANVILLE,VA,24541,18128.69
YALE-NEW HAVEN HOSPITAL,20 YORK STREET,NEW HAVEN,CT,6504,777552.2
KADLEC REGIONAL MEDICAL CENTER,888 Swift Blvd,Richland,WA,99352,20729.28
JERSEY CITY MEDICAL CENTER,355 Grand St,Jersey City,NJ,7302,307757
BROOKHAVEN MEMORIAL HOSPITAL MEDICAL,101 HOSPITAL RD,E PATCHOGUE,NY,11772,30079.32
TRINITY MEDICAL CENTER,800 MONTCLAIR ROAD,BIRMINGHAM,AL,35213,79576.86
Mary Hitchcock Memorial Hosp,One Medical Center Drive,Lebanon,NH,3756,433264.78
CORPORACION DEL CENTRO CARDIOVASCULA,Americo Miranda Ave.,RIO PIEDRAS,PR,936,47124.81
CAROLINAS HEALTHCARE SYSTEM NORTHEAS,920 Church St N,Concord,NC,28025,400382.28
UNIVERSITY MEDICAL CENTER OF EL PASO,4815 ALAMEDA AVENUE,EL PASO,TX,79905,7622.52
JEWISH HOSPITAL OF CINCINNATI,4777 E Galbraith Rd,Cincinnati,OH,45236,14132.82
MACNEAL HOSPITAL,3249 SOUTH OAK PARK AVENUE,BERWYN,IL,60402,15669.96
GOOD SAMARITAN HOSPITAL CORVALLIS,3600 NW SAMARITAN DRIVE,CORVALLIS,OR,97330,24469.07
HOSPITAL DE LA CONCEPCION,CARR. #2 KM 173.4 BO CAIN ALTO,SAN GERMAN,PR,683,308.77
NYU HOSPITALS CENTER,550 FIRST AVENUE,NEW YORK,NY,10016,252767.72
SCOTTSDALE THOMPSON PEAK MED CTR,7400 EAST THOMPSON PEAK PKWY,SCOTTSDALE,AZ,85255,750
NORTH SHORE MEDICAL CENTER,81 Highland Ave,Salem,MA,1970,23132.81
CHILDRENS HOSPITAL,200 Henry Clay Ave,New Orleans,LA,70118,42905.8
VENTURA COUNTY MEDICAL CENTER,3291 LOMA VISTA ROAD,VENTURA,CA,93003,50
MCG MEDICAL CENTER,1120 15TH STREET,AUGUSTA,GA,30912,123391.72
HEALTHEAST ST JOHNS HOSPITAL,1575 Beam Ave,Maplewood,MN,55109,8542.22
MCLEAN HOSPITAL,115 Mill St,Belmont,MA,2478,224955.7
ADVENTIST HINSDALE HOSPITAL,120 N Oak St,Hinsdale,IL,60521,71840.75
MEMORIAL HOSPITAL OF CARBONDALE,405 W. JACKSON STREET,CARBONDALE,IL,62901,47297.38
AFFINITY MEDICAL CENTER,875 8TH ST,MASSILLON,OH,44646,176.91
CONROE REGIONAL MEDICAL CENTER,504 Medical Center Blvd,Conroe,TX,77304,1403.78
SOUTHERN NH MEDICAL CENTER,8 Prospect St,Nashua,NH,3060,13399.06
ST. MARYS MEDICAL CENTER,201 WEST RD MIZE ROAD,BLUE SPRINGS,MO,64014,2132.64
FRANCISCAN HEALTH CROWN POINT,1201 SOUTH MAIN STREET,CROWN POINT,IN,46307,1581.42
WEST HOUSTON MEDICAL CENTER,12141 Richmond Ave,Houston,TX,77082,7269.62
ST. MARYS HOSPITAL,56 Franklin St,Waterbury,CT,6706,41665
CHILDRENS HOSPITAL OF PGH OF UPMC,45TH ST. AND PENN AVENUE,PITTSBURGH,PA,15224,56338.7
COMANCHE COUNTY MEMORIAL HOSPITAL,602 S 8th St,Cache,OK,73527,20345.45
THEDACARE REGIONAL MEDICAL CENTER AP,W5282 Amy Ave,Appleton,WI,54915,880.49
SANTA BARBARA COTTAGE HOSPITAL,400 West Pueblo,Santa Barbara,CA,93105,195680.78
SAINT VINCENT HOSPITAL,123 SUMMER STREET,WORCESTER,MA,1608,14467.75
TUCSON MEDICAL CENTER,5301 E Grant Rd,Tucson,AZ,85712,17478.97
FRANKLIN HOSPITAL,900 Franklin Ave,Valley Stream,NY,11580,9307.97
Kaleida Health,100 High Street,Buffalo,NY,14203,62525.65
DELAWARE COUNTY MEMORIAL HOSPITAL,501 N Lansdowne Ave,Drexel Hill,PA,19026,1129.15
UH AHUJA MEDICAL CENTER,3999 Richmond Rd,Beachwood,OH,44122,18763.07
ST. AGNES HOSPITAL,900 Caton Ave,Baltimore,MD,21229,4076.95
Valley Medical Center,400 S 43rd St,Renton,WA,98055,8705.59
PRESENCE SAINTS MARY & ELIZABETH MED,1127 N Oakley Blvd,Chicago,IL,60622,4088.54
GOOD SHEPHERD MEDICAL CENTER,700 E Marshall Ave,Longview,TX,75601,57766.5
MILLER CHILDRENS HOSPITAL,2801 ATLANTIC AVE,LONG BEACH,CA,90806,500
NORTH AUSTIN MEDICAL CENTER,12221 NORTH MOPAC EXPRESSWAY,AUSTIN,TX,78758,150065.52
AULTMAN HOSPITAL,2600 6th St SW,Canton,OH,44710,62818.67
CHI HEALTH ST. FRANCIS,2620 W Faidley Ave,Grand Island,NE,68803,45998.4
AUXILIO MUTUO HOSPITAL,735 Ave Ponce De Leon,San Juan,PR,917,15500
ADVOCATE BROMENN MEDICAL CENTER,1304 Franklin Ave,Normal,IL,61761,144882.61
MOUNT SINAI HOSPITAL,ONE GUSTAVE L LEVY PLACE BOX 1675,NEW YORK,NY,10029,470089.85
Dekalb Medical Center,2701 N Decatur Rd,Decatur,GA,30033,12374.54
METHODIST DALLAS MEDICAL CENTER,1441 N Beckley Ave,Dallas,TX,75203,127317.23
BRIDGEPORT HOSPITAL,267 Grant St,Bridgeport,CT,6610,7805.72
MAYO CLINIC METHODIST HOSPITAL,201 WEST CENTER STREET,ROCHESTER,MN,55902,87445.46
LAC OLIVE VIEW/UCLA MEDICAL CENTER,14445 Olive View Dr,Sylmar,CA,91342,101717.97
RARITAN BAY MEDICAL CENTER,530 NEW BRUNSWICK AVE,PERTH AMBOY,NJ,8861,295.02
ST. JOSEPHS MEDICAL CENTER,127 S Broadway,Yonkers,NY,10701,13691.42
ST ELIZABETH BOARDMAN HEALTH CTR,8401 Market St,Youngstown,OH,44512,350
SOUTH TEXAS HEALTH SYSTEM,1102 W Trenton Rd,Edinburg,TX,78539,3850
BROWARD HEALTH CORAL SPRINGS,3000 CORAL HILLS DRIVE,CORAL SPRINGS,FL,33065,8623.72
INTEGRIS BAPTIST MEDICAL CENTER,5100 N Brookline Ave,Oklahoma City,OK,73112,46234.35
ROSE MEDICAL CENTER,4567 E 9th Ave,Denver,CO,80220,23340.62
SAN FRANCISCO GENERAL HOSPITAL,1001 POTRERO AVENUE,SAN FRANCISCO,CA,94110,503931.76
SYCAMORE HOSPITAL,4000 Miamisburg Centerville Rd,Miamisburg,OH,45342,101.8
ORANGE REGIONAL MEDICAL CENTER,707 East Main Street,Middletown,NY,10940,72955.32
UPMC St Margaret,815 Freeport Road,Pittsburgh,PA,15215,7572.25
ST. JOSEPH REGIONAL HEALTH CENTER,2801 Franciscan Dr,Bryan,TX,77802,7313.41
EISENHOWER MEDICAL CENTER,39000 BOB HOPE DRIVE,RANCHO MIRAGE,CA,92270,116732.72
ST. FRANCIS HOSPITAL,100 Port Washington Blvd,ROSLYN,NY,11576,461184.56
FLOYD MEDICAL CENTER,304 Turner McCall Blvd SW,Rome,GA,30162,7719.23
ST. VINCENT HOSPITAL,455 ST MICHAELS DRIVE,SANTA FE,NM,87505,1725.83
DUKE UNIVERSITY HOSPITAL,610 DOUGLAS STREET,DURHAM,NC,27710,564527
UH PORTAGE MEDICAL CENTER,6847 N. CHESTNUT STREET,RAVENNA,OH,44266,650
ST.FRANCIS HEALTH CENTER,1700 SOUTHWEST SEVENTH STREET,TOPEKA,KS,66606,10828.4
WILLIAMSPORT HOSPITAL & MEDICAL CTR,700 HIGH STREET,WILLIAMSPORT,PA,17701,4617.47
LAWRENCE GENERAL HOSPITAL,1 General St,Lawrence,MA,1841,10129.98
JFK MEDICAL CENTER,5301 S Congress Ave,Atlantis,FL,33462,13613.1
HURON VALLEY-SINAI HOSPITAL,1601 E COMMERCE ROAD,COMMERCE TOWNSHIP,MI,48382,6914.39
JEANES HOSPITAL,7600 CENTRAL AVENUE,PHILADELPHIA,PA,19111,795.52
VIA CHRISTI HOSPITAL WICHITA,929 N. ST. FRANCIS,WICHITA,KS,67214,49451.63
ORANGE PARK MEDICAL CENTER,2001 KINGSLEY AVENUE,ORANGE PARK,FL,32073,4791.64
HILLCREST BAPTIST MEDICAL CENTER,100 HILLCREST MEDICAL BOULEVARD,WACO,TX,76712,6212.73
METHODIST HOSPITAL OF SACRAMENTO,7500 HOSPITAL DR,SACRAMENTO,CA,95823,1635.03
CALIFORNIA PACIFIC MEDICAL CENTER,BUCHANAN AND CLAY STREETS,SAN FRANCISCO,CA,94120,38174.16
PALISADES MEDICAL CENTER,7600 RIVER ROAD,NORTH BERGE,NJ,7047,10669.73
UNIV OF SOUTH ALABAMA MEDICAL CENTER,2451 FILLINGIM STREET,MOBILE,AL,36617,34162.9
WEST SUBURBAN HOSP MED CTR,3 ERIE COURT,OAK PARK,IL,60302,1946.19
ALLIANCEHEALTH DURANT,1800 W University Blvd,Durant,OK,74701,3428.93
TRUMAN MEDICAL CTR LAKEWOOD,7900 LEES SUMMIT ROAD,KANSAS CITY,MO,64139,29.21
WESTSIDE REGIONAL MEDICAL CENTER,8201 W Broward Blvd,Plantation,FL,33324,9991.95
BROADLAWNS MEDICAL CENTER,1801 HICKMAN ROAD,DES MOINES,IA,50314,18246.46
CALIFORNIA HOSPITAL MEDICAL CENTER,1401 S Grand Ave,Los Angeles,CA,90015,20530.5
MEMORIAL HOSPITAL OF JACKSONVILLE,3625 University Blvd S,Jacksonville,FL,32216,70293.79
ST JOSEPH MEDICAL CENTER,1401 ST. JOSEPH PARKWAY,HOUSTON,TX,77002,7744.77
NEW YORK DOWNTOWN HOSPITAL,170 William St,New York,NY,10038,273.03
SAINT FRANCIS HOSPITAL,500 Blue Hills Ave,HARTFORD,CT,6105,57012.86
ST. CLAIRE MEDICAL CENTER,425 Clinic Dr,Morehead,KY,40351,2349.12
LOVELACE WOMENS HOSPITAL,4701 Montgomery Blvd NE,Albuquerque,NM,87109,825.78
THE JOHNS HOPKINS HOSPITAL,600 N Wolfe St,Baltimore,MD,21287,1185.79
WINTHROP UNIVERSITY HOSPITAL,259 FIRST STREET,MINEOLA,NY,11501,632141.11
MCLAREN GREATER LANSING,401 WEST GREENLAWN AVE.,LANSING,MI,48910,10525
MEDSTAR HARBOR HOSPITAL,3001 SOUTH HANOVER STREET,BALTIMORE,MD,21225,10727.31
MIDDLESEX HOSPITAL,28 CRESCENT STREET,MIDDLETOWN,CT,6457,4471.06
JEFFERSON REGIONAL MEDICAL CENTER,1600 WEST 40TH AVENUE,PINE BLUFF,AR,71603,5956.86
MAIMONIDES MEDICAL CENTER,4802 TENTH AVENUE,BROOKLYN,NY,11219,48045.98
POMONA VALLEY HOSPITAL MED CTR,1798 N. Garey Ave.,Pomona,CA,91767,20379.95
ERIE COUNTY MEDICAL CENTER,462 Grider St,Buffalo,NY,14215,98824.03
MH - MERCY CAMPUS,1500 E Sherman Blvd,Muskegon,MI,49444,12049.2
CENTRA HEALTH,1920 ATHERHOLT ROAD,LYNCHBURG,VA,24501,6134.1
VALLEY BAPTIST MEDICAL CENTER,2101 PEASE STREET,HARLINGEN,TX,78551,16500.86
CENTERPOINT MEDICAL CENTER,19600 E 39th St S,Independence,MO,64057,759.63
LOYOLA UNIVERSITY MEDICAL CENTER,2160 S 1st Ave,Maywood,IL,60153,295509.07
MERCY HEALTH WEST HOSPITAL,3300 Mercy Health Blvd,CINCINNATI,OH,45239,27100.5
ST CHARLES HOSPITAL,200 BELLE TERRE RD,Port Jefferson,NY,11777,12584.41
UNIVERSITY OF LOUISVILLE HOSPITAL,530 SOUTH JACKSON STREET,LOUISVILLE,KY,40202,159716.28
UPMC PASSAVANT,9100 Babcock Blvd,Pittsburgh,PA,15237,42747.46
Eskenazi Health,720 Eskenazi Avenue,Indianapolis,IN,46202,4711.83
OCONEE MEMORIAL HOSPITAL,298 MEMORIAL DR,SENECA,SC,29672,12636.39
DANA-FARBER CANCER INSTITUTE,450 Brookline Ave,Boston,MA,2215,19447406.4
ST. JOSEPH MERCY HOSPITAL - ANN ARBO,5301 Huron River Drive,ANN ARBOR,MI,48106,13369.34
PHELPS MEMORIAL HOSPITAL CENTER,701 N BROADWAY,SLEEPY HOLLOW,NY,10591,3011.1
UNITED REGIONAL HEALTH CARE SYSTEM,1600 ELEVENTH STREET,WICHITA FALLS,TX,76301,52313.91
ELMHURST HOSPITAL CENTER,7901 BROADWAY,ELMHURST,NY,11373,86.91
TX HLTH HARRIS METHODIST HOSPITAL,1301 Pennsylvania Ave,Fort Worth,TX,76104,218141.67
ST. LOUIS CHILDRENS HOSPITAL,ONE CHILDRENS PLACE,ST. LOUIS,MO,63110,43118.43
HUNTERDON MEDICAL CENTER,2100 WESCOTT DR.,FLEMINGTON,NJ,8822,5516.54
KFH - FONTANA,9961 Sierra Ave,Fontana,CA,92335,8405.98
TACOMA GENERAL ALLENMORE HOSPITAL,315 SOUTH MLK JR WAY,TACOMA,WA,98415,11355.81
UT MD ANDERSON CANCER CENTER,1515 Holcombe Blvd,Houston,TX,77030,17710949.62
LUCILE PACKARD CHILDRENS HOSPITAL,725 Welch Rd,Palo Alto,CA,94304,33017.42
RIVERSIDE METHODIST HOSPITAL,3535 OLENTANGY RIVER ROAD,COLUMBUS,OH,43214,123415.12
THOMAS JEFFERSON UNIV. HOSPITAL,111 SOUTH 11TH STREET,PHILADELPHIA,PA,19107,453105.1
PROVIDENCE ST. VINCENT MEDICAL CTR,9205 SW BARNES RD,PORTLAND,OR,97225,12419.02
SUTTER MEDICAL CENTER - SACRAMENTO,2801 L STREET,SACRAMENTO,CA,95816,29679.2
ALAMEDA COUNTY MEDICAL CENTER,1411 E 31st St,OAKLAND,CA,94602,52745.59
UHS,10 42 MITCHELL AVENUE,BINGHAMTON,NY,13903,16108.12
GRANT MEDICAL CENTER,111 S. GRANT AVE,COLUMBUS,OH,43215,17175.72
THE METHODIST HOSPITAL,6565 FANNIN STREET,HOUSTON,TX,77030,1690591.25
HEART OF LANCASTER REGIONAL MEDICAL,1500 HIGHLAND DRIVE,Lititz,PA,17543,38121.72
WAUKESHA MEMORIAL HOSPITAL,725 AMERICAN AVENUE,WAUKESHA,WI,53188,49202.31
Milford Regional Medical Center Inc,14 PROSPECT ST,MILFORD,MA,1757,15359.34
SAINT JOSEPH HOSPITAL,ONE SAINT JOSEPH HOSPITAL DRIVE,LEXINGTON,KY,40504,149341.71
UNIVERSITY OF TENNESSEE MEDICAL CENT,1924 ALCOA HIGHWAY,KNOXVILLE,TN,37920,301739.12
OCHSNER BAPTIST MEDICAL CENTER,2700 Napoleon Ave,New Orleans,LA,70115,13201.59
UNIVERSITY MEDICAL CTR. AT NEW ORLEA,2000 CANAL STREET,NEW ORLEANS,LA,70112,2015.11
ST. ALEXIUS HOSPITAL,3933 S Broadway,ST. LOUIS,MO,63118,109969.34
OLEAN GENERAL HOSPITAL,515 MAIN STREET,OLEAN,NY,14760,150
PROVIDENCE PORTLAND MEDICAL CENTER,4805 NE GLISAN,PORTLAND,OR,97213,115028.96
SOUTHERN OHIO MEDICAL CENTER,1248 KENNEYS LANE,PORTSMOUTH,OH,45662,37400.23
NORTHSHORE UNIVERSITY HEALTHSYSTEM,2650 RIDGE AVENUE,EVANSTON,IL,60201,278320.57
LARGO MEDICAL CENTER,201 14th St SW,Largo,FL,33770,7804.51
PHOENIXVILLE HOSPITAL,140 Nutt Rd,Phoenixville,PA,19460,11832.5
PARKVIEW MEDICAL CENTER,400 W 16TH STREET,PUEBLO,CO,81003,10898.08
WYOMING MEDICAL CENTER,1233 E 2nd Street,Casper,WY,82601,22781.85
UCI MEDICAL CENTER,101 THE CITY DRIVE SOUTH,ORANGE,CA,92868,2748741
WOMEN & INFANTS HOSPITAL,101 Dudley St,Providence,RI,2905,4919.79
TALLAHASSEE MEMORIAL HOSPITAL,1300 Miccosukee Rd,Tallahassee,FL,32308,17665.78
ST. JOSEPH HOSPITAL,1630 W Girard Ave,Philadelphia,PA,19130,5250
SSM HEALTH ST. MARYS HOSPITAL - STL,6420 CLAYTON ROAD,ST. LOUIS,MO,63117,7365.77
SOUTHWESTERN VERMONT MEDICAL CENTER,100 Hospital Dr,Bennington,VT,5201,1439.73
HOLY SPIRIT HOSPITAL,503 N 21st St,Camp Hill,PA,17011,7557.82
UNIVERSITY OF CO HOSPITAL,12605 E 16th Ave,Aurora,CO,80045,203715.17
METHODIST CHARLTON MEDICAL CENTER,3500 WEST WHEATLAND RD,DALLAS,TX,75237,8274.05
LEWISGALE HOSPITAL - MONTGOMERY,3700 S Main St,Blacksburg,VA,24060,11961.49
NORWALK HOSPITAL,34 Maple St,Norwalk,CT,6850,6660.37
GENESYS REGIONAL MEDICAL CTR.,1 GENESYS PARKWAY,GRAND BLANC,MI,48439,20830.63
HOWARD UNIVERSITY HOSPITAL,2041 Georgia Ave NW,Washington,DC,20060,128092.96
MERCY MEDICAL CENTER - MASON CITY,1000 4TH STREET,MASON CITY,IA,50401,25641
GRIFFIN MEMORIAL HOSPITAL,900 E Main St,Norman,OK,73071,338923.28
BLUEFIELD REGIONAL MEDICAL CENTER,500 Cherry St,Bluefield,WV,24701,234.45
SPARKS REGIONAL MEDICAL CENTER,1001 TOWSON AVE,FORT SMITH,AR,72902,4144.18
NIAGARA FALLS MEMORIAL MEDICAL CENTE,621 10th St,NIAGARA FALLS,NY,14203,1000
GOOD SAMARITAN HOSPITAL,407 14th Ave SE,Puyallup,WA,98372,20494.49
DEBORAH HEART AND LUNG CENTER,200 TRENTON ROAD,BROWNS MILLS,NJ,8015,21547.33
KFH - LOS ANGELES,4867 Sunset Blvd,Los Angeles,CA,90027,71626.28
JERSEY SHORE UNIVERSITY MED CTR,1945 Route 33,Neptune,NJ,7753,310412.8
ADENA REGIONAL MEDICAL CENTER,272 HOSPITAL ROAD,CHILLICOTHE,OH,45601,28523.73
LONESOME PINE HOSPITAL,HOLTON AVENUE,BIG STONE GAP,VA,24219,804
ST. CLOUD HOSPITAL,1406 6th Ave North,Saint Cloud,MN,56303,9738.96
INTERFAITH MEDICAL CENTER,1545 ATLANTIC AVENUE,BROOKLYN,NY,11213,8939.98
BOSTON MEDICAL CENTER,ONE BOSTON MEDICAL CENTER PLACE,BOSTON,MA,2118,457582.93
KETTERING MEMORIAL HOSPITAL,3535 SOUTHERN BOULEVARD,KETTERING,OH,45429,69722.91
CHRISTUS MOTHER FRANCES HOSP-TYLER,800 EAST DAWSON,TYLER,TX,75701,33389.76
KFH - PANORAMA CITY,13652 Cantara St,Panorama City,CA,91402,6590.09
PORTER ADVENTIST HOSPITAL,2525 SOUTH DOWNING STREET,DENVER,CO,80210,66199.87
PIKEVILLE MEDICAL CENTER,911 Bypass Rd,Pikeville,KY,41501,128281.71
CHI ST LUKES HEALTH BAYLOR MED CTR,6720 BERTNER AVE,HOUSTON,TX,77030,111164.14
ST. ELIZABETH MEDICAL CENTER,2209 Genesee St,Utica,NY,13501,26560.87
WESLEY MEDICAL CENTER,5001 WEST HARDY ST,HATTIESBURG,MS,39402,1467.95
MAYO CLINIC HOSPITAL ROCHESTER,1216 SECOND STREET SW,ROCHESTER,MN,55905,1723301.38
MORRISTOWN MEDICAL CENTER,100 MADISON AVE,MORRISTOWN,NJ,7960,179112.16
MEMORIAL MEDICAL CENTER,701 N 1st St,Springfield,IL,62781,7565.28
SADDLEBACK MEMORIAL MEDICAL CENTER,24451 HEALTH CENTER DRIVE,LAGUNA HILLS,CA,92653,3644.42
BOCA RATON REGIONAL HOSPITAL,800 MEADOWS ROAD,BOCA RATON,FL,33486,258534.94
DUKE REGIONAL HOSPITAL,3643 N Roxboro Road,Durham,NC,27704,192145.34
NORTH SUBURBAN MEDICAL CENTER,9191 GRANT,THORNTON,CO,80229,3419.34
BROWARD HEALTH MEDICAL CENTER,1600 South Andrews Avenue,FT. LAUDERDALE,FL,33316,42317.92
MIAMI CHILDRENS HOSPITAL,3100 SW 62ND AVENUE,MIAMI,FL,33155,49579.56
LATROBE AREA HOSPITAL,ONE MELLON WAY,LATROBE,PA,15650,2500
CONNECTICUT CHILDRENS MEDICAL CENTER,282 WASHINGTON STREET,HARTFORD,CT,6106,140.73
BORGESS MEDICAL CENTER,1521 Gull Rd,Kalamazoo,MI,49048,114162.24
ST. MARYS OF MICHIGAN,800 S Washington Ave,Saginaw,MI,48601,4291.89
ROGER WILLIAMS HOSPITAL,825 Chalkstone Ave,Providence,RI,2908,2340.46
UH - UNIVERSITY HOSPITAL,150 Bergen St,Newark,NJ,7103,23716.24
Harris Co Psychiatric Center,2800 S McGregor Way,Houston,TX,77225,33854.18
METHODIST HOSPITAL,7700 FLOYD CURL DRIVE,SAN ANTONIO,TX,78229,98898.64
MERCY SAN JUAN MEDICAL CENTER,6501 Coyle Ave,Carmichael,CA,95608,186820.64
GHS PATEWOOD MEMORIAL HOSPITAL,200 Patewood Dr,Greenville,SC,29615,14792.91
KFH - WEST LOS ANGELES,6041 Cadillac Ave,Los Angeles,CA,90034,39895.87
GOOD SAMARITAN HOSPITAL,2222 Philadelphia Dr,Dayton,OH,45406,5110.97
COMMUNITY REGIONAL MEDICAL CENTER,2823 FRESNO ST,FRESNO,CA,93721,25500.67
THE STAMFORD HOSPITAL,ONE HOSPITAL PLAZA,STAMFORD  CT 06904,CT,6904,12924.09
MILLCREEK COMMUNITY HOSPITAL,5515 PEACH STREET,ERIE,PA,16509,17703.65
BEAUMONT HOSPITAL  GROSSE POINTE,3601 W 13 Mile Rd,Royal Oak,MI,48073,12284099.23
MUHLENBERG HOSPITAL CENTER,2545 Schoenersville Rd,Bethlehem,PA,18017,209.95
PALOMAR MEDICAL CENTER,555 EAST VALLEY PARKWAY,ESCONDIDO,CA,92025,18389.57
OUR LADY OF THE LAKE RMC,5000 Hennessy Blvd,Baton Rouge,LA,70808,114814.51
MAYO CLINIC HEALTH SYSTEM MANKATKO,1025 MARSH STREET,MANKATO,MN,56002,194.19
INSPIRA MEDICAL CENTER WOODBURY  INC,509 N Broad St,WOODBURY,NJ,8096,10644.67
COMMUNITY HOSPITAL OF INDIANA INC.,7150 Clearvista Dr,Indianapolis,IN,46256,1531.56
MARIETTA MEMORIAL HOSPITAL,401 MATTHEW STREET,MARIETTA,OH,43750,7446.46
ST. JOHN MEDICAL CENTER,1923 SOUTH UTICA AVENUE,TULSA,OK,74104,12999.13
EASTERN NEW MEXICO MEDICAL CENTER,405 W COUNTRY CLUB,ROSWELL,NM,88201,11.82
ST. CLARE HOSPITAL,707 FOURTEENTH STREET,BARABOO,WI,53913,90
ST. PETERSBURG GENERAL,6500 38th Ave N,St Petersburg,FL,33710,3185
U OF UTAH NEUROPSYCHIATRIC INSTITUTE,501 CHIPETA WAY,SALT LAKE CITY,UT,84108,99324.01
KFH - ANTIOCH,4501 Sand Creek Road,Antioch,CA,94531,226220.11
Deaconess Medical Center,800 W 5th Ave,Spokane,WA,99204,248488.79
MCLEOD REGIONAL MEDICAL CENTER,555 E Cheves St,Florence,SC,29506,18697.09
HOSPITAL DAMAS,2213 Ponce By Pass,Ponce,PR,717,22105.68
HOBOKEN UNIVERSITY MEDICAL CENTER,308 WILLOW AVE,HOBOKEN,NJ,7030,16830.53
MONTEFIORE NEW ROCHELLE HOSPITAL,16 GUION AVE,NEW ROCHELLE,NY,10802,15218.17
SAN MATEO MEDICAL CENTER,222 W 39TH AVE,SAN MATEO,CA,94403,228671.3
THE GRIFFIN HOSPITAL,130 Division St,Derby,CT,6418,53496.56
UT HEALTH CENTER AT TYLER,11937 Us Highway 271,Tyler,TX,75708,44210.33
CHRISTUS SPOHN HOSP CORPUS CHRISTI,2606 HOSPITAL BOULEVARD,CORPUS CHRISTI,TX,78405,511.7
Lemuel Shattuck Hospital,170 Morton St,Jamaica Plain,MA,2130,14250.67
MCHS FRANCISCAN HEALTHCARE  INC,700 West Ave S,LA Crosse,WI,54601,13399.03
GWINNETT HOSPITAL SYSTEM  INC,3620 Howell Ferry Road,Duluth,GA,30096,83406.44
PROVIDENCE HOSPITAL,16001 W 9 Mile Rd,Southfield,MI,48075,21091.39
TUFTS MEDICAL CENTER,750 Washington St,Boston,MA,2111,2122912.71
SWEDISH MEDICAL CENTER,747 Broadway,Seattle,WA,98122,289674.62
KFH - SAN FRANCISCO,2425 GEARY BOULEVARD,SAN FRANCISCO,CA,94115,800
THE MOSES H. CONE MEMORIAL HOSPITAL,1200 NORTH ELM ST,GREENSBORO,NC,27401,47975.42
Capital Region Medical Center,1125 Madison St,Jefferson City,MO,65101,2732.72
SAINT BARNABAS MEDICAL CENTER,94 Old Short Hills Rd,Livingston,NJ,7039,157674.69
SOUTH POINTE HOSPITAL,4110 WARRENSVILLE CENTER ROAD,WARRENSVILLE HEIGHTS,OH,44122,36303.84
NORTH MEMORIAL HEALTH CARE,3300 Oakdale Ave N,Robbinsdale,MN,55422,17202.98
BANNER UNIVERSITY MED CENTER TUCSON,1501 NORTH CAMPBELL AVE,TUCSON,AZ,85721,3289.85
ST. FRANCIS HOSPITAL WILMINGTON,701 N Clayton St,Wilmington,DE,19805,1943.05
ST. MARYS MEDICAL CENTER,San Francisco International Airport,San Francisco,CA,94125,29578.76
SOUTHERN MAINE HEALTH CARE,One Medical Center Drive,Biddeford,ME,4005,7086.62
BETHESDA HOSPITAL  INC,2815 S Seacrest Blvd,Boynton Beach,FL,33435,25343.33
REGIONAL MEDICAL CENTRE BAYONET POIN,14000 Fivay Rd,Hudson,FL,34667,2226.39
CLEVELAND CLINIC HOSPITAL,9500 EUCLID AVENUE,CLEVELAND,OH,44195,9810956.13
RICHMOND UNIVERSITY MEDICAL CENTER,355 BARD AVENUE,STATEN ISLAND,NY,10310,7207.88
ST. PETERS HOSPITAL,315 So. Manning Blvd,Albany,NY,12208,19959.24
ST PATRICK HOSPITAL,500 W Broadway St,Missoula,MT,59802,16651.38
AVENTURA HOSPITAL AND MED CTR,2801 NE 209TH ST AT BISCAYNE BLVD,MIAMI,FL,33180,29072
MEMORIAL HOSPITAL FOR CANCER AND ALL,1275 YORK AVENUE,NEW YORK,NY,10065,47576.89
BOARD OF TRUSTEES OF THE UNIVERSITY,1740 W Taylor St,Chicago,IL,60612,1607976.03
CPMC-R.K. DAVIES MEDICAL CENTER,45 Castro St,San Francisco,CA,94114,70620.31
Upmc Hamot,201 State St,Erie,PA,16550,59219.21
KFH - REDWOOD CITY,1100 Veterans Blvd,Redwood City,CA,94063,3003.45
BEAUMONT HEALTH - WAYNE,33155 Annapolis St,Wayne,MI,48184,23388.4
TEXAS HEALTH DALLAS,8200 Walnut Hill Lane,Dallas,TX,75231,44246.15
USC NORRIS CANCER HOSPITAL,1441 Eastlake Ave,Los Angeles,CA,90089,2644249.26
HURLEY MEDICAL CENTER,ONE HURLEY PLAZA,FLINT,MI,48503,21565.87
SAINT JOSEPH HOSPITAL,1375 E 19TH AVE,DENVER,CO,80218,55957.82
PROVIDENCE MILWAUKIE HOSPITAL,10150 SE 32nd Ave,Milwaukie,OR,97222,3798.98
BANNER UNIVERSITY MED CENTER SOUTH,2800 E Ajo Way,Tucson,AZ,85713,913.1
BAYFRONT HEALTH ST. PETERSBURG,701 6th St S,St Petersburg,FL,33701,64145.6
KFH - VALLEJO,975 SERRANO DRIVE,VALLEJO,CA,94589,21804.32
University Medical Center,1800 W. Charleston Blvd.,Las Vegas,NV,89102,16776.66
SAN LUCAS PONCE,917 AVE TITO CASTRO,PONCE,PR,733,12655.29
LORETTO HOSPITAL,645 SOUTH CENTRAL AVENUE,CHICAGO,IL,60646,8714.49
ST JOHN HOSPITAL & MEDICAL CENTER,22101 MOROSS,DETROIT,MI,48236,28608.68
BAPTIST SAINT ANTHONYS HOSPITAL,1600 Wallace Blvd,Amarillo,TX,79106,7829.97
QUEENS HOSPITAL CENTER,8268 164th St,Jamaica,NY,11432,1552.43
KFH - VACAVILLE,1 QUALITY DRIVE,VACAVILLE,CA,95688,2358.42
ST. ROSE DOMINICAN - SIENA,3001 ST ROSE PARKWAY,HENDERSON,NV,89052,45293.87
ST. ELIZABETH HOSPITAL,1506 SOUTH ONEIDA STREET,APPLETON,WI,54915,97.91
South Nassau Communities Hospital,One Healthy Way,Oceanside,NY,11572,8107.82
BATON ROUGE GENERAL,3600 FLORIDA BLVD,BATON ROUGE,LA,70806,23989.48
FAIRVIEW HOSPITAL,18101 Lorain Ave,Cleveland,OH,44111,7211.32
MAYO CLINIC FLORIDA,4500 SAN PABLO ROAD,JACKSONVILLE,FL,32224,535056.67
MERCY HOSPITAL - ST. LOUIS,615 S NEW BALLAS RD,SAINT LOUIS,MO,63141,68921.53
LARKIN COMMUNITY HOSPITAL,7031 SW 62nd Avenue,Miami,FL,33143,27295
ST. JOSEPH MEDICAL CENTER,2500 BERNVILLE RD,READING,PA,19605,7511.82
UNIVERSITY OF MIAMI HOSP & CLINICS,1475 NW 12th Ave,MIAMI,FL,33136,8184.81
RONALD REAGAN UCLA MEDICAL CENTER,757 Westwood Plz,757 WESTWOOD PLAZA,CA,90095,2823031.05
PROVIDENCE ALASKA MEDICAL CENTER,3200 Providence Dr,Anchorage,AK,99508,6225.15
MERCY MEDICAL CENTER,1000 N Village Ave,Rockville Centre,NY,11570,7284.66
SANFORD USD MEDICAL CENTER,1305 W 18TH ST,SIOUX FALLS,SD,57117,63186.57
ANN & ROBERT H. LURIE CHILDRENS HOS,225 EAST CHICAGO AVENUE,CHICAGO,IL,60611,210707.1
WEST KENDALL BAPTIST HOSPITAL,9555 SW 162 Ave,Miami,FL,33196,12791
VERDE VALLEY MEDICAL CENTER,269 SOUTH CANDY LANE,COTTONWOOD,AZ,86326,10593.75
UNIV OF MI HOSPITALS & HLTH CTRS,1500 EAST MEDICAL CENTER DRIVE,ANN ARBOR,MI,48109,12194902.7
ST MARKS HOSPITAL,1200 E 3900 S,SALT LAKE CITY,UT,84124,33486.31
SELF REGIONAL HEALTHCARE,1325 SPRING STREET,GREENWOOD,SC,29646,7918.75
UH GEAUGA MEDICAL CENTER,13207 RAVENNA ROAD,CHARDON,OH,44024,431.19
ST FRANCIS HOSPITAL,34515 9th Ave S,Federal Way,WA,98003,39358.42
LOURDES MEDICAL CENTER-BURLINGTON,218A Sunset Rd,Willingboro,NJ,8046,2944
ST. BERNARDINE MEDICAL CENTER,2101 N Waterman Ave,San Bernardino,CA,92404,47111.72
WILKES-BARRE GENERAL HOSPITAL,NORTH RIVER AND AUBURN STREETS,WILKES BARRE,PA,18764,283
UMASS MEMORIAL MEDICAL CENTER,55 LAKE AVENUE,WORCESTER,MA,1655,394272.08
CAMDEN-CLARK MEMORIAL HOSPITAL,800 GARFIELD AVENUE,Parkersburg,WV,26101,34930.22
Medical University of South Carolina,169 Ahsley Ave,CHARLESTON,SC,29403,209007.14
ST. CHARLES HOSPITAL,2600 Navarre Ave,Oregon,OH,43616,53990.22
CHEYENNE REGIONAL MEDICAL CENTER,214 EAST 23RD STREET,CHEYENNE,WY,82001,5747.12
MERCY MEDICAL CENTER REDDING,2175 ROSALINE AVE,REDDING,CA,96001,8849.26
SSM HEALTH DEPAUL HOSPITAL,12303 De Paul Dr,Bridgeton,MO,63044,3463.43
SANTA ROSA HEALTHCARE,519 WEST HOUSTON STREET,SAN ANTONIO,TX,78207,40.65
NEW YORK EYE AND EAR INFIRMARY,310 East 14th Street,New York City,NY,10003,1294172.26
ST LUKES WARREN HOSPITAL,185 ROSEBERRY STREET,PHILLIPSBURG,NJ,8865,82.75
VIRGINIA HOSPITAL CENTER ARLINGTON,1701 N George Mason Dr,Arlington,VA,22205,48679.83
BON SECOURS DEPAUL MEDICAL CENTER,930 W. 21st St,Norfolk,VA,23517,6672.53
METROPOLITAN HOSPITAL,5900 BYRON CENTER AVE SW,WYOMING,MI,49519,166945.83
DCH REGIONAL MEDICAL CENTER,809 UNIVERSITY BLVD EAST,TUSCALOOSA,AL,35401,2539.89
CHILDRENS HOSPITAL & MEDICAL CENTER,8200 DODGE STREET,OMAHA,NE,68114,11616.98
SENTARA VA. BEACH GENERAL HOSPITAL,1060 First Colonial Rd,Virginia Beach,VA,23454,3107.68
KFH - FRESNO,7300 N Fresno St,Fresno,CA,93720,1313.05
PRESENCE COVENANT MEDICAL CENTER,1400 WEST PARK STREET,URBANA,IL,61801,500
UNITED HOSPITAL,1625 RADIO DR,WOODBURY,MN,55125,72500.78
BAPTIST MEDICAL CENTER,800 PRUDENTIAL DRIVE,JACKSONVILLE,FL,32207,192037.18
PHOENIX CHILDRENS HOSPITAL,1919 E Thomas Rd,Phoenix,AZ,85016,90472.86
JACKSON-MADISON COUNTY GENERAL HOSP,620 Skyline Dr,Jackson,TN,38301,8768.89
CHILDRENS HOSPITAL,"111 Michigan Ave, NW",Washington,DC,20010,84004.75
MEMORIAL MEDICAL CENTER,1086 FRANKLIN STREET,JOHNSTOWN,PA,15905,34211.65
BANNER DEL E WEBB MEDICAL CENTER,14502 W Meeker Blvd,Sun City West,AZ,85375,57162.65
TEMPLE UNIVERSITY HOSPITAL,3401 N Broad St,Philadelphia,PA,19140,100859.9
KFH - DOWNEY,9333 Imperial Hwy,Downey,CA,90242,45798.68
Penrose/St. Francis Healthcare,2222 N. Nevada,Colorado Springs,CO,80933,5391.15
NORMAN REGIONAL HOSPITAL AUTHORITY,901 N PORTER,NORMAN,OK,73070,4966.58
SAN JACINTO METHODIST HOSPITAL,4401 GARTH ROAD,BAYTOWN,TX,77521,20854.59
THE MEDICAL CENTER,250 Park Street,Bowling Green,KY,42101,3450.62
GOOD SAMARITAN HOSPITAL,375 Dixmyth Ave,Cincinnati,OH,45220,40642.43
Iowa Lutheran Hospital,700 E University Ave,Des Moines,IA,50316,87087.9
TRINITY HOSPITALS/ST JOES,1 Burdick Expy W,Minot,ND,58701,9733.26
MARYVIEW HOSPITAL,4037 Taylor Rd,Chesapeake,VA,23321,10453.43
PENNSYLVANIA HOSPITAL OF UPHS,800 Spruce St,Phila,PA,19107,102790.05
MERCY HOSPITAL  INC.,3663 South Miami Avenue,Miami,FL,33133,15472.44
MOUNT CARMEL HEALTH,793 WEST STATE STREET,COLUMBUS,OH,43222,177779.62
Mckay-Dee Hospital,1034 N 500 W,Provo,UT,84604,6787.62
JEFF ANDERSON REGIONAL MEDICAL CENTE,2124 14TH STREET,MERIDIAN,MS,39301,7174.83
ATLANTICARE REGIONAL MEDICAL CENTER,65 W. JIMMIE LEEDS ROAD,POMONA,NJ,8240,63876.33
KFH - SOUTH SAN FRANCISCO,1200 El Camino Real,South San Francisco,CA,94080,57632.92
EMORY UNIVERSITY HOSPITAL MIDTOWN,550 Peachtree St NE,Atlanta,GA,30308,46675.41
SOUTHSIDE HOSPITAL,301 E Main St,BAY SHORE,NY,11706,24437.43
CANYON VISTA MEDICAL CENTER,3250 Highway 82,Sonoita,AZ,85637,14593.85
PIEDMONT HOSPITAL INC.,1968 Peachtree Rd NW,Atlanta,GA,30309,84056.99
WADLEY REGIONAL MEDICAL CENTER,1000 Pine St,Texarkana,TX,75501,36.31
DELL CHILDRENS MEDICAL CENTER,4900 Mueller Blvd,Austin,TX,78723,6755
CORPUS CHRISTI MEDICAL CENTER,7101 S Padre Island Dr,Corpus Christi,TX,78412,20387.57
NORTH FLORIDA REG MED CNTR,6500 W Newberry Rd,Gainesville,FL,32605,17181.01
WARREN MEMORIAL HOSPITAL,1000 SHENANDOAH AVE.,FRONT ROYAL,VA,22630,8980.97
KARMANOS CANCER HOSPITAL,4100 John R St,Detroit,MI,48201,45018.45
METROPOLITAN HOSPITAL CENTER,1901 1st Ave,New York,NY,10029,314.49
KFH - FREMONT,39400 Paseo Padre Pkwy,Fremont,CA,94538,344.67
CHILDRENS HOSPITAL CORPORATION,300 LONGWOOD DRIVE,BOSTON,MA,2115,3126103.38
LUTHERAN HOSPITAL OF INDIANA,7950 WEST JEFFERSON BLVD,FT WAYNE,IN,46804,59294.45
MEMORIAL MEDICAL CENTER,2450 S Telshor Blvd,Las Cruces,NM,88011,297.45
LENOX HILL HOSPITAL,100 EAST 77TH STREET,NEW YORK,NY,10075,220572.16
UNIVERSITY OF ALABAMA HOSPITAL,619 SOUTH 19TH STREET,BIRMINGHAM,AL,35233,4354302.5
NORTHEAST REGIONAL MEDICAL CENTER,315 SOUTH OSTEOPATHY,KIRKSVILLE,MO,63501,362
ALBANY MEDICAL CENTER HOSPITAL,43 New Scotland Ave,Albany,NY,12208,121845.74
ST. MARYS HOSPITAL - PASSAIC,350 Boulevard,Passaic,NJ,7055,12816.41
SWEDISH COVENANT HOSPITAL,5145 NORTH CALIFORNIA AVENUE,CHICAGO,IL,60625,26418.73
DOCTORS HOSPITAL,5100 W. BROAD STREET,COLUMBUS,OH,43228,25396.8
WEST VIRGINIA UNIVERSITY HOSPITALS,MEDICAL CENTER DRIVE,MORGANTOWN,WV,26505,189786.57
SENTARA LEIGH HOSPITAL,830 Kempsville Rd,Norfolk,VA,23502,3837.02
NEWARK BETH ISRAEL MEDICAL CENTER,201 Lyons Ave,Newark,NJ,7112,45205.19
FAULKNER HOSPITAL,1153 CENTRE ST,Boston,MA,2130,136415.64
CROUSE HOSPITAL,736 Irving Ave,Syracuse,NY,13210,13008.07
UNIVER.OF CINCINNATI MED CENTER LLC,234 GOODMAN STREET,CINCINNATI,OH,45219,677807.41
SUNRISE HOSPITAL AND MEDICAL CENTER,3186 S Maryland Pkwy,Las Vegas,NV,89109,5362.67
ABINGTON MEMORIAL HOSPITAL,1200 OLD YORK ROAD,ABINGTON,PA,19001,54326.36
ANMED HEALTH,800 NORTH FANT STREET,ANDERSON,SC,29621,23685.2
Central State Hospital,10510 Lagrange Road,Louisville,KY,40223,1722608.96
ADVENTIST LAGRANGE MEMORIAL HOSPITAL,5101 Willow Springs Rd,La Grange,IL,60525,4929.47
UNIVERSITY HEALTH SHREVEPORT,1501 KINGS HIGHWAY,SHREVEPORT,LA,71130,64158.62
NEW HANOVER REGIONAL MEDICAL CENTER,2131 S 17th St,WILMINGTON,NC,28402,165637.98
SETON MEDICAL CENTER,1900 Sullivan Ave,Daly City,CA,94015,1160116.55
HARRIS HEALTH SYSTEM,2525 HOLLY HALL,HOUSTON,TX,77054,21539.11
BANNER BOSWELL MEDICAL CENTER,10401 W Thunderbird Blvd,Sun City,AZ,85351,5619.74
UNIVERSITY OF MARYLAND MED SYS,22 SOUTH GREENE STREET,BATLIMORE,MD,21201,128437.51
KENNEDY UNIVERSITY HOSPITAL,500 MARLBORO AVENUE,CHERRY HILL,NJ,8034,3961.37
BAYLOR MEDICAL CENTER AT GARLAND,2300 MARIE CURIE DRIVE,GARLAND,TX,75042,1791.13
HALLMARK HEALTH SYSTEM,170 GOVERNORS AVE,MEDFORD,MA,2155,5659.97
HARBORVIEW MEDICAL CENTER,325 9TH AVENUE,SEATTLE,WA,98104,30668.79
METROWEST MEDICAL CENTER,115 Lincoln St,Framingham,MA,1702,495.48
KFH - SAN RAFAEL,99 MONTICELLO ROAD,SAN RAFAEL,CA,94063,498
UNIVERSITY OF KANSAS HOSPITAL,3901 RANIBOW BLVD,Kansas City,KS,66160,368216.55
ST. VINCENT MEDICAL CENTER,2131 W 3rd St,Los Angeles,CA,90057,657883.25
ELLIS HOSPITAL,1101 NOTT STREET,SCHENECTADY,NY,12308,7292.81
ST. JOHNS RIVERSIDE HOSPITAL,967 NORTH BROADWAY,YONKERS,NY,10701,12516.36
GRADY MEMORIAL HOSPITAL,80 JESSE HILL JR. DRIVE  SE,ATLANTA,GA,30303,553788.02
OHIO VALLEY GENERAL HOSPITAL,2000 Eoff St,Wheeling,WV,26003,130040.14
ST CHRISTOPHERS HOSPITAL FOR CHILDR,Erie Avenue @ Front St.,Philadelphia,PA,19134,14895
KFH - WOODLAND HILLS,5601 De Soto Ave,Woodland Hills,CA,91367,12179.96
CHILDRENS HOSPITAL OF WISCONSIN,9000 W.WISCONSIN AVE,MILWAUKEE,WI,53226,19726.69
WASHINGTON-ST.TAMMANY MED. CTR.,400 MEMPHIS STREET,BOGALUSA,LA,70429,2154.25
Monroe Regional Hospital,718 North Macomb,Monroe,MI,48162,17.21
THE CHILDRENS HOSPITAL OF PHILADELP,34TH STREET & CIVIC CENTER BLVD,PHILADELPHIA,PA,19104,2149567.87
STEWARD ST. ELIZABETHS MEDICAL CTR,736 Cambridge St,Boston,MA,2135,56996.23
MOSES TAYLOR HOSPITAL,700 Quincy Ave,Scranton,PA,18510,3930.8
JOHN H. STROGER JR. HOSP OF COOK CTY,650 E Phoenix Center DR,Phoenix,IL,60426,5644.28
NORTH CENTRAL BRONX HOSPITAL,3424 Kossuth Ave,Bronx,NY,10467,300.01
DEACONESS HOSPITAL,600 Mary St,Evansville,IN,47710,2176.78
LOVELACE MEDICAL CENTER- DOWNTOWN,601 MARTIN LUTHER KING JR NE,ALBUQUERQUE,NM,87102,24102.8
THE BROOKLYN HOSPITAL CENTER,121 Dekalb Ave,Brooklyn,NY,11201,9397.51
LAKEWOOD REGIONAL MED. CTR.,3700 E SOUTH ST,LAKEWOOD,CA,90712,324.69
HEMET VALLEY MEDICAL CENTER,1117 E Devonshire Ave,Hemet,CA,92543,1548.9
ST. VINCENT HOSPITAL & HCC,2001 W 86th St,Indianapolis,IN,46260,52479.84
Skokie Hospital,2650 Ridge Ave,Evanston,IL,60201,60366.99
METHODIST HOSPITALS  INC,600 GRANT STREET,GARY,IN,46402,32035
GOOD SAMARITAN HOSPITAL,1225 Wilshire Blvd,Los Angeles,CA,90017,132233.22
LINCOLN MEDICAL&MENTAL HEALTH CENTER,234 E 149th St Rm 2A1,Bronx,NY,10451,67487.84
BETHESDA HOSPITAL,10500 Montgomery Rd,Cincinnati,OH,45242,26151.62
ST. FRANCIS HOSPITAL & HEALTH CENTER,8111 S Emerson Ave,Indianapolis,IN,46237,5682.61
SOUTHEAST MICHIGAN SURGICAL HOSPITAL,21230 Dequindre Rd,WARREN,MI,48091,492.9
MISSOURI BAPTIST MEDICAL CENTER,3015 N BALLAS ROAD,ST LOUIS,MO,63131,19253.28
YUMA REGIONAL MEDICAL CENTER,2400 S AVENUE A,YUMA,AZ,85364,19434.52
BAPTIST HEALTH MADISONVILLE,900 HOSPITAL DRIVE,MADISONVILLE,KY,42431,125
HUNTSVILLE HOSPITAL,101 SIVLEY RD SW,HUNTSVILLE,AL,35801,226103.82
INTERMOUNTAIN MEDICAL CENTER,5121 S COTTONWOOD ST,MURRAY,UT,84157,138099.55
USA CHILDRENS AND WOMENS HOSPITAL,2451 FILLINGIM ST,MOBILE,AL,36617,3250
CEDARS-SINAI MEDICAL CENTER,8700 BEVERLY BLVD.,LOS ANGELES,CA,90048,26611824.66
NORTON HOSPITALS INC,200 E CHESTNUT ST,LOUISVILLE,KY,40202,147677.69
CHILDRENS HOSP & RES CNTR OAKLAND,100 HIGH STREET,BUFFALO,NY,14203,197872.03
ALBERT EINSTEIN MEDICAL CENTER,5501 Old York Rd,Philadelphia,PA,19141,75603.61
BETH ISRAEL DEACONESS MEDICAL CENTER,330 BROOKLINE AVE BR2,BOSTON,MA,2215,3264355.34
PALMETTO BAPTIST,1333 TAYLOR STREET,COLUMBIA,SC,29202,2401.06
UNIVERSITY GENERAL HOSPITAL  LP,7501 Fannin St,Houston,TX,77054,201690.64
S.E. REGL MEDICAL CENTER,300 W 27th St,Lumberton,NC,28358,912.5
THE HOSPITALS OF PROVIDENCE - MEMORI,2001 N Oregon St,El Paso,TX,79902,15733.61
GEISINGER MEDICAL CENTER,100 One Norwegian Plz,Pottsville,PA,17901,1707776.58
KAISER WESTSIDE MEDICAL CENTER,2875 NW STUCKI AVENUE,HILLSBORO,OR,97124,608.64
PEACEHEALTH SOUTHWEST MEDICAL CENTER,200 NE Mother Joseph Pl Ste 400,Vancouver,WA,98664,15660.01
KFH - SOUTH SACRAMENTO,6600 Bruceville Rd,Sacramento,CA,95823,25526.87
PRESBYTERIAN ST LUKES MEDICAL CTR,1719 E 19th Ave,Denver,CO,80218,115656.54
UNIVERSITY OF MISSISSIPPI MEDICAL,2500 N STATE ST,JACKSON,MS,39216,382130.02
KFH - WALNUT CREEK,1425 S MAIN ST,WALNUT CREEK,CA,94596,21.11
Contra Costa Regional Medical Center,2500 Alhambra Ave,Martinez,CA,94553,11425.83
WILLIS-KNIGHTON HEALTH SYSTEMS,2600 GREENWOOD ROAD,SHREVEPORT,LA,32600,7562.76
EGLESTON CHILDRENS HOSPITAL AT EMORY,1405 Clifton Rd NE,Atlanta,GA,30322,825
WHEATON FRANCISCAN HEALTHCARE - ALL,3801 Spring St,Racine,WI,53405,4262.21
YORK HOSPITAL,1001 SOUTH GEORGE STREET,YORK,PA,17405,39105.41
GRAND STRAND REGIONAL MEDICAL CENTER,809 82nd Parkway,Myrlte Beach,SC,29572,1142.84
KENNEWICK GENERAL HOSPITAL,900 S. Auburn St.,Kennewick,WA,99336,4794.15
CHILDRENS HOSPITAL MEDICAL CENTER,3333 BURNET AVENUE  MLC #4900,CINCINNATI,OH,45229,1458525.2
SANFORD MEDICAL CENTER - FARGO,2990 Seter Parkway,Fargo,ND,58104,122776.12
SWEDISH MEDICAL CENTER CHERRY HILL,500 17th Ave,Seattle,WA,98124,11096.83
FORSYTH MEMORIAL HOSPITAL  INC,3333 Silas Creek Pkwy,Winston Salem,NC,27103,22593.37
SHAWNEE MISSION MEDICAL CENTER,9100 W 74th St,Shawnee Mission,KS,66204,53734.18
JOHN DEMPSEY HOSPITAL,263 FARMINGTON AVENUE,FARMINGTON,CT,6030,22810.48
SAINT THOMAS WEST HOSPITAL,4220 Harding Rd,Nashville,TN,37205,71260.4
KINGMAN REGIONAL MEDICAL CENTER,3269 STOCKTON HILL ROAD,KINGMAN,AZ,86401,6299.41
OU MEDICAL CENTER,1200 EVERETT DRIVE,OKLAHOMA CITY,OK,73104,36977.57
PROVIDENCE ST. PETER HOSPITAL,413 LILLY ROAD,OLYMPIA,WA,98506,57910.05
SAINT THOMAS RUTHERFORD HOSPITAL,400 N HIGHLAND AVENUE,MURFREESBORO,TN,37130,33987.12
SPARTANBURG REGIONAL MEDICAL CENTER,101 E Wood St,Spartanburg,SC,29303,76439.01
ST. MARYS HOSPITAL & MEDICAL CENTER,2635 NORTH 7TH STREET,GRAND JUNCTION,CO,81502,31318.97
TEXAS CHILDRENS HOSPITAL,6621 FANNIN,HOUSTON,TX,77030,151134.74
COMMUNITY MEDICAL CENTER,2827 FORT MISSOULA ROAD,MISSOULA,MT,59801,428.17
METHODIST H/C MEMPHIS HOSPT.,1265 UNION AVENUE,MEMPHIS,TN,38104,8630.86
ABRAZO CENTRAL CAMPUS,2000 WEST BETHANY HOME ROAD,PHOENIX,AZ,85015,9244.17
PARKVIEW HOSPITAL,11109 PARKVIEW PLAZA DRIVE,FORT WAYNE,IN,46845,66948.19
WAKEMED RALEIGH CAMPUS,3000 New Bern Ave,Raleigh,NC,27610,179386.39
HELENE FULD MEDICAL CENTER,750 BRUNSWICK AVENUE,TRENTON,NJ,8638,2325
THE OHIO STATE UNIVERSITY HOSPITAL,660 ACKERMAN ROAD - 4TH FLOOROR,COLUMBUS,OH,43202,263488.62
STORMONT-VAIL REGIONAL HEALTH CENTER,1500 SW 10TH AVE,TOPEKA,KS,66604,80235.11
COPLEY MEMORIAL HOSPITAL,2000 OGDEN AVENUE,AURORA,IL,60504,35339.91
ORLANDO HEALTH,1414 KUHL AVENUE,ORLANDO,FL,32806,218844.33
ST. ELIZABETH HEALTH CENTER,667 Eastland Avenue SE,Warren,OH,44484,25461.04
BERKSHIRE MEDICAL CENTER,725 NORTH STREET,PITTSFIELD,MA,1201,10995
St. Vincent Charity Medical Center,2351 E 22nd St,Cleveland,OH,44115,47282.91
MIDLAND MEMORIAL HOSPITAL,400 ROSALIND REDFERN GROVER PARKWAY,MIDLAND,TX,79701,6131.93
Our Lady Of Lourdes Memorial Hosp,4102 Old Vestal Rd,Vestal,NY,13850,2883.54
HILO MEDICAL CENTER,1190 WAIANUENUE AVENUE,HILO,HI,96720,16.88
CCF HOSPITAL - WESTON,3100 Weston Rd,Weston,FL,33331,26602.21
BERGEN REGIONAL MEDICAL CENTER,230 EAST RIDGEWOOD AVENUE,PARAMUS,NJ,7652,2500
DELRAY MEDICAL CENTER,5352 Linton Blvd,Delray Beach,FL,33484,8433.41
ALLEN MEMORIAL HOSPITAL,1825 Logan Ave,Waterloo,IA,50703,25190.67
Kingsbrook Jewish Medical Center,585 Schenectady Ave,Brooklyn,NY,11203,72585.25
EMORY UNIVERSITY HOSPITAL,1364 CLIFTON ROAD,ATLANTA,GA,30302,10305548.37
SOUTHERN REGIONAL MEDICAL CORP,1978 Industrial Blvd,Houma,LA,70363,304.44
DALLAS CO. HOSP. DIST.,5200 Harry Hines Blvd,DALLAS,TX,75235,309578.47
KFH - SOUTH BAY,25825 South Vermont Ave,Harbor City,CA,90710,48.86
SOUTH MIAMI HOSPITAL,6200 SW 73rd St,South Miami,FL,33143,163518.03
CHILDRENS HOSPITAL OF THE KINGS DA,601 Childrens Ln,Norfolk,VA,23507,61554.94
SPECTRUM HEALTH  HOSPITALS,100 MICHIGAN NE,GRAND RAPIDS,MI,49503,95930.17
OAK PARK HOSPITAL,520 SOUTH MAPLE,OAK PARK,IL,60603,11987.42
OAKBEND MEDICAL CENTER,1705 Jackson St,Richmond,TX,77469,7571.12
MARGARET R. PARDEE MEMORIAL HOSPITAL,800 NORTH JUSTICE STREET,HENDERSONVILLE,NC,28791,3824.21
PALMS WEST HOSPITAL,13001 Southern Blvd,Loxahatchee,FL,33470,1161.43
ST. JOSEPHS OF ATLANTA,5665 Peachtree Dunwoody Rd NE,Atlanta,GA,30342,44659.04
ST. LUKES REGIONAL MEDICAL CENTER,190 E Bannock St,Boise,ID,83712,109107.78
W.A. FOOTE MEMORIAL HOSPITAL,205 N EAST AVENUE,JACKSON,MI,49201,52883.24
WEST VALLEY MEDICAL CENTER,381 B South Middleton Road,Middleton,ID,83644,1216.53
UNIVERSITY MED CENTER BRACKENRIDGE,601 E 15th St,Austin,TX,78701,8263.06
ST. VINCENTS MEDICAL CENTER,2800 Main St,Bridgeport,CT,6606,7199.81
MOUNT SINAI HOSPITAL MEDICAL CENTER,15TH STREET CALIFORNIA AVE,CHICAGO,IL,60608,20138.83
PRIMARY CHILDRENS HOSPITAL,100 NORTH MARIO CAPECCHI DRIVE,SALT LAKE CITY,UT,84113,24645.73
CRITTENTON HOSPITAL MEDICAL CENTER,1101 W UNIVERSITY DR,ROCHESTER,MI,48307,496.96
ST. PETERS UNIVERSITY HOSPITAL,254 Easton Ave,New Brunswick,NJ,8901,7122.82
WOODHULL HOSPITAL CENTER,760 BROADWAY,BROOKLYN,NY,11206,525
FULTON MEDICAL CENTER,10 SOUTH HOSPITAL DRIVE,FULTON,MO,65251,83.04
PALMETTO RICHLAND,5 RICHLAND MEDICAL PARK DRIVE,COLUMBIA,SC,29203,24054.58
CO. MENTAL HEALTH INST. - PUEBLO,1600 W 24th St,PUEBLO,CO,81001,188.78
Presbyterian Medical Center,51 N 39th St,Philadelphia,PA,19104,47134.74
THE QUEENS MEDICAL CENTER,1301 Punchbowl St,HONOLULU,HI,96813,235264.18
COAST PLAZA DOCTORS HOSPITAL,13100 Studebaker Rd,Norwalk,CA,90650,483.33
THE UNITY HOSPITAL OF ROCHESTER,1555 LONG POND ROAD,ROCHESTER,NY,14626,98230.77
FROEDTERT MEM. LUTHERAN HOSPT.,9200 WEST WISCONSIN AVENUE,Milwaukee,WI,53226,53807.92
GLENDALE ADVENTIST MEDICAL CENTER,1509 Wilson Ter,Glendale,CA,91206,10980.98
CONCORD HOSPITAL INC.,250 PLEASANT STREET,CONCORD,NH,3301,27516.02
SWEDISHAMERICAN HOSPITAL,1401 E State St,Rockford,IL,61104,44125.96
JOHNS HOPKINS BAYVIEW MED. CTR.,5505 Hopkins Bayview Cir,Baltimore,MD,21224,41018.73
AKRON GENERAL MEDICAL CENTER,400 WABASH AVE,AKRON,OH,44307,30320.64
UH ST JOHN MEDICAL CENTER,29000 Center Ridge Rd,Westlake,OH,44145,8260.91
ROXBOROUGH MEMORIAL HOSPITAL,5800 RIDGE AVENUE,PHILADELPHIA,PA,19128,3298.97
CONEY ISLAND HOSPITAL,2601 OCEAN PARKWAY,BROOKLYN,NY,11235,35890.74
DANBURY HOSPITAL,24 HOSPITAL AVE,DANBURY,CT,6810,43667.14
WEST JEFFERSON MEDICAL CENTER,1101 Medical Center Blvd,MARRERO,LA,70072,5608.3
ROBERT PACKER HOSPITAL,1 Guthrie Sq,Sayre,PA,18840,11162.39
SCHUMPERT MEDICAL CENTER,1 Saint Mary Pl,SHREVEPORT,LA,71101,662.21
BAPTIST HEALTH MEDICAL CENTER - LR,9601 BAPTIST HEALTH DRIVE,LITTLE ROCK,AR,72205,36443.52
DESERT HOSPITAL,1150 N Indian Canyon Dr,Palm Springs,CA,92262,4095.81
NY COMMUNITY HOSPITAL OF BROOKLYN,2525 KINGS HIGHWAY,BROOKLYN,NY,11229,68209.54
MERITER HOSPITAL  INC.,202 SOUTH PARK STREET,MADISON,WI,53715,821.94
FOUNTAIN VALLEY REG MEDICAL CENTER,17100 Euclid St,Fountain Valley,CA,92708,3884.26
REID HOSPITAL & HEALTH CARE SERVICES,1401 CHESTER BOULEVARD,RICHMOND,IN,47374,6222.36
KUAKINI MEDICAL CENTER,347 N Kuakini St,Honolulu,HI,96817,2531.9
KOOTENAI HOSPITAL DISTRICT,2003 Kootenai Health Way,Coeur D Alene,ID,83814,14794.32
HOLY CROSS HOSPITAL,1799 S Federal Highway,Boca Raton,FL,33432,37625
HARTFORD HOSPITAL,80 SEYMOUR STREET,HARTFORD,CT,6102,457627.67
BEAUMONT HOSPITAL - FARMINGTON HILLS,28050 GRAND RIVER,FARMINGTON HILLS,MI,48336,15458.71
KFH - SACRAMENTO,2025 Morse Ave,Sacramento,CA,95825,11147.67
ST. LUKES HOSPITAL,3555 CESAR CHAVEZ STREET,SAN FRANCISCO,CA,94110,3819.5
RUSH FOUNDATION HOSPITAL,1314 19TH AVENUE,MERIDIAN,MS,39301,4512.72
MEMORIAL HERMANN TIRR,1333 Moursund St,Houston,TX,77030,4500
KATHERINE SHAW BETHEA,403 E 1st St,Dixon,IL,61021,3473.88
UNIVERSITY HOSPITAL,7201 N University Dr,Tamarac,FL,33321,2539.5
JAMAICA HOSPITAL MEDICAL CENTER,8900 VAN WYCK EXPRESSWAY,JAMAICA,NY,11418,9898.36
EASTON HOSPITAL,250 SOUTH 21ST STREET,EASTON,PA,18042,419.67
GUNDERSEN LUTHERAN MEDICAL CENTER  I,3111 Gundersen Dr,Onalaska,WI,54650,18398.38
MERCY ST. ANNE HOSPITAL,3404 W. SYLVANIA AVE,TOLEDO,OH,43623,909.27
AVERA MCKENNAN,1325 SOUTH CLIFF,SIOUX FALLS,SD,57117,51458.99
THE NEBRASKA MEDICAL CENTER,987400 Nebraska Medical Ctr,Omaha,NE,68198,794609.51
RUSH UNIVERSITY MEDICAL CENTER,1653 W Congress Pkwy,CHICAGO,IL,60612,2964625.91
HENRY FORD HOSPITAL,ONE FORD PLACE,DETROIT,MI,48202,1953044.22
LAKE CHARLES MEMORIAL HOSPITAL,1701 Oak Park Blvd,Lake Charles,LA,70601,64638.1
KFH - OAKLAND,275 W MACARTHUR BLVD,OAKLAND,CA,94611,2311.45
MERCY HOSPITAL OF BUFFALO,565 ABBOTT RD,BUFFALO,NY,14220,20540.09
WAHIAWA GENERAL HOSPITAL,128 LEHUA STREET,WAHIAWA,HI,96786,136.03
The Washington Hospital,155 Wilson Avenue,Washington,PA,15301,8461.63
HENRY FORD MACOMB HOSPITAL,215 NORTH AVENUE,MT. CLEMENS,MI,48043,4283.09
DRISCOLL CHILDRENS HOSPITAL,3533 SOUTH ALAMEDA ST,CORPUS CHRISTI,TX,78411,3261.18
UH PARMA MEDICAL CENTER,7007 POWERS BLVD.,PARMA,OH,44129,166.79
CENTRA STATE MEDICAL CENTER,901 WEST MAIN STREET,FREEHOLD,NJ,7728,8748.84
MARY IMOGENE BASSETT HOSPITAL,1 ATWELL ROAD,COOPERSTOWN,NY,13326,27113.82
STONY BROOK UNIVERSITY HOSPITAL,NICOLLS ROAD,Stony Brook,NY,11794,75599.08
UPSTATE UNIV HOSP AT COMM GENERAL,4900 Broad Rd,Syracuse,NY,13215,5077.16
UT SOUTHWESTERN MED CTR- ZALE LIPSHY,5151 HARRY HINES BLVD,DALLAS,TX,75390,28771.36
GILLETTE CHILDRENS SPECIALTY HEALTH,200 EAST UNIVERSITY,ST. PAUL,MN,55101,5000
MAYO CLINIC HOSPITAL,5777 E Mayo Blvd,PHOENIX,AZ,85054,1661042.12
ST. VINCENTS MEDICAL CENTER-RIVERSI,1 Shircliff Way,JACKSONVILLE,FL,32204,14204.1
THE UNIVERSITY OF TEXAS MEDICAL BR.,301 UNIVERSITY BLVD,GALVESTON,TX,77555,792691.19
MCHS EAU CLAIRE HOSPITAL,1221 WHIPPLE STREET,EAU CLAIRE,WI,54702,26414.97
ST. FRANCIS HOSPITAL,5959 Park Ave,Memphis,TN,38119,49742.65
MOUNTAINSIDE HOSPITAL,1 Bay Avenue,MONTCLAIR,NJ,7042,108.76
METHODIST MEDICAL CTR OF ILLINOIS,221 N E GLEN OAK,PEORIA,IL,61636,57693.75
PITT COUNTY MEMORIAL HOSPITAL,2100 STANTONSBURG ROAD,GREENVILLE,NC,27858,170759.06
ATLANTA MEDICAL CENTER,303 Parkway Dr NE,Atlanta,GA,30312,24418.69
UNITY HOSPITAL,550 OSBORNE ROAD,FRIDLEY,MN,55432,8295.75
HILLCREST MEDICAL CENTER,1120 SOUTH UTICA,TULSA,OK,74104,5344.5
MERCY MEDICAL CENTER - SIOUX CITY,801 5TH ST,SIOUX CITY,IA,51101,7775.63
UNIV OF TOLEDO MEDL CENTER,3000 Arlington Ave,TOLEDO,OH,43614,136803.19
NEWYORK-PRESBYTERIAN/BROOKLYN METHOD,506 SIXTH STREET,BROOKLYN,NY,11215,72039.62
UNIVERSITY BEHAVIORAL HEALTHCARE,671 HOES LANE,PISCATAWAY,NJ,8855,500
SKY LAKES MEDICAL CENTER,2865 Daggett Ave,Klamath Falls,OR,97601,13378.44
KINGSWOOD HOSPITAL,10300 W EIGHT MILE ROAD,FERNDALE,MI,48220,10500
TAMPA GENERAL HOSPITAL,1 Tampa General Circle,Tampa,FL,33606,664416.78
NATIONAL REHABILITATION HOSPITAL,102 IRVING STREET NW,WASHINGTON,DC,20010,2800
BASS BAPTIST HEALTH CENTER,600 SOUTH MONROE,ENID,OK,73702,1034.28
NORTHRIDGE MEDICAL CENTER - ROSCOE,18300 Roscoe Blvd,Northridge,CA,91325,12952.39
UPMC McKeesport,1500 Fifth Avenue,McKeesport,PA,15132,12929.49
OCHSNER MEDICAL CENTER - KENNER LLC,180 W Esplanade Ave,Kenner,LA,70065,23740.88
ST VINCENT HEALTHCARE,1233 N 30th St,Billings,MT,59101,13792.41
PROV SACRED HEART MEDICAL CENTER,101 W 8th Ave,Spokane,WA,99204,81572.19
MANCHESTER MEMORIAL HOSPITAL,71 HAYNES STREET,MANCHESTER,CT,6040,752.01
WESLEY WOODS CENTER OF EMORY UNIVERS,1821 CLIFTON ROAD NE,ATLANTA,GA,30329,36035.99
ST. LUKES HOSPITAL OF DULUTH,4702 Grand Ave,Duluth,MN,55807,6505.57
FLORIDA HOSPITAL-CARROLLWOOD,7171 N Dale Mabry Hwy,Tampa,FL,33614,44641.88
U OF U HOSPITALS & CLINICS,50 NORTH MEDICAL DRIVE,SALT LAKE CITY,UT,84132,1251528.68
PLAZA MEDICAL CTR FT WORTH,900 8th Ave,Fort Worth,TX,76104,44030.88
BRYAN MEDICAL CENTER,1600 SOUTH 48 TH STREET,LINCOLN,NE,68506,9060.3